SECTION _DATA USE32 CLASS=DATA
  db 0x03,0x00,0x00,0x00,0x08,0x00,0x00,0x00,0x18,0x00,0x00,0x00,0x0a,0x00,0x00,0x00
  db 0x6b,0x0f,0x05,0x00,0x03,0x00,0x00,0x00,0x09,0x00,0x00,0x00,0x18,0x00,0x00,0x00
  db 0x0a,0x00,0x00,0x00,0x7f,0x0f,0x05,0x00,0x03,0x00,0x00,0x00,0x0a,0x00,0x00,0x00
  db 0x18,0x00,0x00,0x00,0x0a,0x00,0x00,0x00,0x93,0x0f,0x05,0x00,0x03,0x00,0x00,0x00
  db 0x0c,0x00,0x00,0x00,0x18,0x00,0x00,0x00,0x0a,0x00,0x00,0x00,0xa7,0x0f,0x05,0x00
  db 0x18,0x00,0x00,0x00,0x0e,0x00,0x00,0x00,0x00,0x00,0x00,0x00,0x0e,0x00,0x00,0x00
  db 0xbb,0x0f,0x05,0x00,0x02,0x00,0x00,0x00,0x0f,0x00,0x00,0x00,0x00,0x00,0x00,0x00
  db 0x07,0x00,0x00,0x00,0x3e,0x0f,0x05,0x00,0x03,0x00,0x00,0x00,0x10,0x00,0x00,0x00
  db 0x18,0x00,0x00,0x00,0x0a,0x00,0x00,0x00,0xcf,0x0f,0x05,0x00,0x03,0x00,0x00,0x00
  db 0x11,0x00,0x00,0x00,0x18,0x00,0x00,0x00,0x0a,0x00,0x00,0x00,0xe3,0x0f,0x05,0x00
  db 0x06,0x00,0x00,0x00,0x14,0x00,0x00,0x00,0x00,0x00,0x00,0x00,0x0b,0x00,0x00,0x00
  db 0xf7,0x0f,0x05,0x00,0xff,0xff,0xff,0xff,0xff,0xff,0xff,0xff,0xff,0xff,0xff,0xff
  db 0x00,0x00,0x00,0x00,0x00,0x00,0x00,0x00,0x03,0x52,0x44,0x41,0x0c,0x00,0x41,0x5a
  db 0x2e,0x00,0x61,0x7a,0x00,0x30,0x39,0x2d,0x5f,0x20,0x3b,0x00,0x2d,0x2d,0x2d,0x2d
  db 0x2d,0x2d,0x2d,0x2d,0x2d,0x2d,0x2d,0x2d,0x2d,0x2d,0x2d,0x2d,0x2d,0x2d,0x2d,0x2d
  db 0x2d,0x2d,0x2d,0x2d,0x2d,0x2d,0x2d,0x2d,0x2d,0x2d,0x2d,0x2d,0x2d,0x2d,0x2d,0x2d
  db 0x2d,0x2d,0x2d,0x2d,0x2d,0x2d,0x2d,0x2d,0x2d,0x2d,0x2d,0x2d,0x2d,0x2d,0x2d,0x2d
  db 0x2d,0x2d,0x2d,0x2d,0x2d,0x2d,0x2d,0x2d,0x2d,0x2d,0x2d,0x2d,0x2d,0x2d,0x2d,0x2d
  db 0x2d,0x2d,0x2d,0x2d,0x2d,0x2d,0x2d,0x2d,0x2d,0x2d,0x2d,0x00,0x53,0x65,0x73,0x73
  db 0x69,0x6f,0x6e,0x20,0x20,0x20,0x20,0x20,0x44,0x61,0x69,0x6c,0x79,0x00,0xc4,0xc4
  db 0xc4,0xc4,0xc4,0xc4,0xc4,0xc4,0xc4,0xc4,0xc4,0xc4,0xc4,0xc4,0xc4,0xc4,0xc4,0xc4
  db 0xc4,0xc4,0xc4,0xc4,0xc4,0xc4,0xc4,0xc4,0xc4,0xc4,0xc4,0xc4,0xc4,0xc4,0xc4,0xc4
  db 0xc4,0xc4,0xc4,0xc4,0xc4,0xc4,0xc4,0xc4,0xc4,0xc4,0x00,0x54,0x69,0x6d,0x65,0x20
  db 0x41,0x6c,0x6c,0x6f,0x77,0x65,0x64,0x20,0x20,0x20,0x20,0x20,0x20,0x3a,0x00,0x54
  db 0x69,0x6d,0x65,0x20,0x52,0x65,0x6d,0x61,0x69,0x6e,0x69,0x6e,0x67,0x20,0x20,0x20
  db 0x20,0x3a,0x00,0x54,0x69,0x6d,0x65,0x20,0x4f,0x6e,0x6c,0x69,0x6e,0x65,0x20,0x20
  db 0x20,0x20,0x20,0x20,0x20,0x3a,0x00,0x54,0x69,0x6d,0x65,0x20,0x49,0x64,0x6c,0x65
  db 0x20,0x20,0x20,0x20,0x20,0x20,0x20,0x20,0x20,0x3a,0x00,0x42,0x79,0x74,0x65,0x73
  db 0x20,0x20,0x20,0x20,0x20,0x20,0x20,0x50,0x61,0x63,0x6b,0x65,0x74,0x73,0x00,0x42
  db 0x79,0x74,0x65,0x73,0x20,0x73,0x65,0x6e,0x74,0x20,0x54,0x43,0x50,0x2f,0x49,0x50
  db 0x20,0x3a,0x00,0x42,0x79,0x74,0x65,0x73,0x20,0x72,0x65,0x63,0x76,0x20,0x54,0x43
  db 0x50,0x2f,0x49,0x50,0x20,0x3a,0x00,0x28,0x70,0x72,0x65,0x73,0x73,0x20,0x41,0x4c
  db 0x54,0x2d,0x46,0x31,0x30,0x20,0x74,0x6f,0x20,0x74,0x65,0x72,0x6d,0x69,0x6e,0x61
  db 0x74,0x65,0x20,0x74,0x68,0x65,0x20,0x73,0x65,0x73,0x73,0x69,0x6f,0x6e,0x29,0x00
  db 0x20,0x00,0x50,0x43,0x42,0x44,0x52,0x49,0x56,0x45,0x00,0x50,0x43,0x42,0x44,0x52
  db 0x49,0x56,0x45,0x20,0x65,0x76,0x69,0x72,0x6f,0x6e,0x6d,0x65,0x6e,0x74,0x20,0x76
  db 0x61,0x72,0x69,0x61,0x62,0x6c,0x65,0x20,0x6e,0x6f,0x74,0x20,0x66,0x6f,0x75,0x6e
  db 0x64,0x2e,0x00,0x55,0x6e,0x61,0x62,0x6c,0x65,0x20,0x74,0x6f,0x20,0x72,0x65,0x61
  db 0x64,0x20,0x69,0x6e,0x20,0x74,0x68,0x65,0x20,0x50,0x43,0x42,0x44,0x52,0x49,0x56
  db 0x45,0x20,0x65,0x6e,0x76,0x69,0x72,0x6f,0x6e,0x6d,0x65,0x6e,0x74,0x20,0x76,0x61
  db 0x72,0x69,0x61,0x62,0x6c,0x65,0x2e,0x00,0x50,0x43,0x42,0x44,0x49,0x52,0x00,0x50
  db 0x43,0x42,0x44,0x49,0x52,0x20,0x65,0x76,0x69,0x72,0x6f,0x6e,0x6d,0x65,0x6e,0x74
  db 0x20,0x76,0x61,0x72,0x69,0x61,0x62,0x6c,0x65,0x20,0x6e,0x6f,0x74,0x20,0x66,0x6f
  db 0x75,0x6e,0x64,0x2e,0x00,0x55,0x6e,0x61,0x62,0x6c,0x65,0x20,0x74,0x6f,0x20,0x72
  db 0x65,0x61,0x64,0x20,0x69,0x6e,0x20,0x74,0x68,0x65,0x20,0x50,0x43,0x42,0x44,0x49
  db 0x52,0x20,0x65,0x6e,0x76,0x69,0x72,0x6f,0x6e,0x6d,0x65,0x6e,0x74,0x20,0x76,0x61
  db 0x72,0x69,0x61,0x62,0x6c,0x65,0x2e,0x00,0x5c,0x00,0x5c,0x46,0x4c,0x49,0x53,0x54
  db 0x2e,0x00,0xff,0xf4,0xff,0xf2,0x41,0x42,0x4f,0x52,0x0d,0x0a,0x00,0x50,0x43,0x42
  db 0x44,0x4f,0x4f,0x52,0x00,0x20,0x20,0x20,0x20,0x20,0x20,0x20,0x20,0x20,0x20,0x20
  db 0x20,0x20,0x20,0x20,0x20,0x20,0x20,0x20,0x20,0x20,0x20,0x20,0x20,0x20,0x20,0x20
  db 0x20,0x20,0x20,0x20,0x20,0x20,0x20,0x20,0x20,0x20,0x20,0x20,0x20,0x20,0x20,0x20
  db 0x20,0x20,0x20,0x20,0x20,0x20,0x20,0x20,0x20,0x20,0x20,0x20,0x20,0x20,0x20,0x20
  db 0x20,0x20,0x20,0x20,0x20,0x20,0x20,0x20,0x20,0x20,0x20,0x20,0x00,0x43,0x6f,0x6e
  db 0x6e,0x65,0x63,0x74,0x65,0x64,0x20,0x74,0x6f,0x3a,0x20,0x00,0x25,0x73,0x20,0x28
  db 0x25,0x73,0x29,0x00,0x30,0x30,0x3a,0x30,0x30,0x3a,0x30,0x30,0x00,0x25,0x30,0x32
  db 0x64,0x3a,0x25,0x30,0x32,0x64,0x00,0x25,0x30,0x32,0x75,0x3a,0x25,0x30,0x32,0x75
  db 0x00,0x54,0x69,0x6d,0x65,0x20,0x52,0x65,0x6d,0x61,0x69,0x6e,0x69,0x6e,0x67,0x20
  db 0x45,0x78,0x70,0x69,0x72,0x65,0x64,0x20,0x66,0x6f,0x72,0x20,0x61,0x70,0x70,0x6c
  db 0x69,0x63,0x61,0x74,0x69,0x6f,0x6e,0x2e,0x00,0x43,0x61,0x72,0x72,0x69,0x65,0x72
  db 0x20,0x69,0x73,0x20,0x73,0x74,0x69,0x6c,0x6c,0x20,0x75,0x70,0x2e,0x00,0x43,0x61
  db 0x72,0x72,0x69,0x65,0x72,0x20,0x69,0x73,0x20,0x64,0x6f,0x77,0x6e,0x21,0x00,0x43
  db 0x61,0x72,0x72,0x69,0x65,0x72,0x20,0x6c,0x6f,0x73,0x73,0x20,0x68,0x61,0x73,0x20
  db 0x62,0x65,0x65,0x6e,0x20,0x64,0x65,0x74,0x65,0x63,0x74,0x65,0x64,0x2e,0x00,0x53
  db 0x59,0x53,0x4f,0x50,0x20,0x62,0x72,0x6f,0x6b,0x65,0x20,0x74,0x68,0x65,0x20,0x63
  db 0x6f,0x6e,0x6e,0x65,0x63,0x74,0x69,0x6f,0x6e,0x20,0x77,0x69,0x74,0x68,0x20,0x41
  db 0x4c,0x54,0x2d,0x46,0x31,0x30,0x2e,0x00,0x25,0x30,0x32,0x6c,0x64,0x3a,0x25,0x30
  db 0x32,0x6c,0x64,0x3a,0x25,0x30,0x32,0x6c,0x64,0x00,0x4e,0x2f,0x41,0x00,0x00,0x00
  db 0x00,0x00,0x00,0x00,0x20,0x00,0x00,0x00,0x00,0x00,0x00,0x00,0x00,0x00,0x00,0x00
  db 0x20,0x3b,0x00,0x54,0x43,0x50,0x54,0x45,0x58,0x54,0x00,0x7e,0x00,0x20,0x00,0x00
  db 0x54,0x43,0x50,0x49,0x50,0x00,0x54,0x43,0x50,0x49,0x50,0x2e,0x44,0x41,0x54,0x00
  db 0x55,0x6e,0x61,0x62,0x6c,0x65,0x20,0x74,0x6f,0x20,0x6c,0x6f,0x63,0x61,0x74,0x65
  db 0x20,0x54,0x43,0x50,0x49,0x50,0x2e,0x44,0x41,0x54,0x00,0x45,0x72,0x72,0x6f,0x72
  db 0x20,0x6f,0x70,0x65,0x6e,0x69,0x6e,0x67,0x20,0x54,0x43,0x50,0x2f,0x49,0x50,0x20
  db 0x63,0x6f,0x6e,0x66,0x69,0x67,0x75,0x72,0x61,0x74,0x69,0x6f,0x6e,0x00,0x65,0x72
  db 0x72,0x6f,0x72,0x20,0x72,0x65,0x61,0x64,0x69,0x6e,0x67,0x20,0x54,0x43,0x50,0x2f
  db 0x49,0x50,0x20,0x63,0x6f,0x6e,0x66,0x69,0x67,0x75,0x72,0x61,0x74,0x69,0x6f,0x6e
  db 0x00,0x40,0x58,0x30,0x43,0x54,0x43,0x50,0x49,0x50,0x2e,0x44,0x41,0x54,0x20,0x69
  db 0x73,0x20,0x74,0x68,0x65,0x20,0x69,0x6e,0x63,0x6f,0x72,0x72,0x65,0x63,0x74,0x20
  db 0x76,0x65,0x72,0x73,0x69,0x6f,0x6e,0x2e,0x40,0x58,0x30,0x37,0x0d,0x0a,0x00,0x54
  db 0x43,0x50,0x49,0x50,0x2e,0x44,0x41,0x54,0x20,0x69,0x73,0x20,0x74,0x68,0x65,0x20
  db 0x69,0x6e,0x63,0x6f,0x72,0x72,0x65,0x63,0x74,0x20,0x76,0x65,0x72,0x73,0x69,0x6f
  db 0x6e,0x2e,0x00,0x43,0x75,0x72,0x72,0x65,0x6e,0x74,0x20,0x76,0x65,0x72,0x73,0x69
  db 0x6f,0x6e,0x3a,0x20,0x25,0x64,0x2e,0x25,0x64,0x00,0x4c,0x6f,0x6f,0x6b,0x69,0x6e
  db 0x67,0x20,0x66,0x6f,0x72,0x3a,0x20,0x25,0x64,0x2e,0x25,0x64,0x00,0x00,0x00,0x00
  db 0x20,0x3b,0x00,0x40,0x00,0x25,0x73,0x25,0x73,0x20,0x25,0x73,0x20,0x25,0x73,0x2e
  db 0x2e,0x2e,0x0d,0x0a,0x00,0x00,0x00,0x00,0x9b,0x16,0x05,0x00,0x1e,0x00,0x00,0x00
  db 0x01,0x00,0x00,0x00,0x3b,0x00,0x00,0x00,0xa7,0x16,0x05,0x00,0x11,0x00,0x00,0x00
  db 0x00,0x00,0x00,0x00,0x3c,0x00,0x00,0x00,0xb3,0x16,0x05,0x00,0x08,0x00,0x00,0x00
  db 0x00,0x00,0x00,0x00,0x3d,0x00,0x00,0x00,0xbf,0x16,0x05,0x00,0x12,0x00,0x00,0x00
  db 0x00,0x00,0x00,0x00,0x3e,0x00,0x00,0x00,0xcb,0x16,0x05,0x00,0x09,0x00,0x00,0x00
  db 0x00,0x00,0x00,0x00,0x3f,0x00,0x00,0x00,0xd7,0x16,0x05,0x00,0x1c,0x00,0x00,0x00
  db 0x01,0x00,0x00,0x00,0x40,0x00,0x00,0x00,0xe3,0x16,0x05,0x00,0x0e,0x00,0x00,0x00
  db 0x00,0x00,0x00,0x00,0x41,0x00,0x00,0x00,0xef,0x16,0x05,0x00,0x0e,0x00,0x00,0x00
  db 0x00,0x00,0x00,0x00,0x41,0x00,0x00,0x00,0xfb,0x16,0x05,0x00,0x02,0x00,0x00,0x00
  db 0x00,0x00,0x00,0x00,0x42,0x00,0x00,0x00,0x07,0x17,0x05,0x00,0x24,0x00,0x00,0x00
  db 0x01,0x00,0x00,0x00,0x43,0x00,0x00,0x00,0x12,0x17,0x05,0x00,0x0d,0x00,0x00,0x00
  db 0x00,0x00,0x00,0x00,0x44,0x00,0x00,0x00,0x1e,0x17,0x05,0x00,0x05,0x00,0x00,0x00
  db 0x00,0x00,0x00,0x00,0x45,0x00,0x00,0x00,0x2a,0x17,0x05,0x00,0x26,0x00,0x00,0x00
  db 0x01,0x00,0x00,0x00,0xad,0x00,0x00,0x00,0x36,0x17,0x05,0x00,0x07,0x00,0x00,0x00
  db 0x00,0x00,0x00,0x00,0x46,0x00,0x00,0x00,0x42,0x17,0x05,0x00,0x20,0x00,0x00,0x00
  db 0x01,0x00,0x00,0x00,0x47,0x00,0x00,0x00,0x4e,0x17,0x05,0x00,0x1e,0x00,0x00,0x00
  db 0x01,0x00,0x00,0x00,0x3b,0x00,0x00,0x00,0x5a,0x17,0x05,0x00,0x21,0x00,0x00,0x00
  db 0x01,0x00,0x00,0x00,0x56,0x00,0x00,0x00,0x66,0x17,0x05,0x00,0x14,0x00,0x00,0x00
  db 0x01,0x00,0x00,0x00,0x48,0x00,0x00,0x00,0x72,0x17,0x05,0x00,0x14,0x00,0x00,0x00
  db 0x01,0x00,0x00,0x00,0x48,0x00,0x00,0x00,0x7e,0x17,0x05,0x00,0x17,0x00,0x00,0x00
  db 0x01,0x00,0x00,0x00,0x49,0x00,0x00,0x00,0x8a,0x17,0x05,0x00,0x15,0x00,0x00,0x00
  db 0x01,0x00,0x00,0x00,0x4a,0x00,0x00,0x00,0x96,0x17,0x05,0x00,0x16,0x00,0x00,0x00
  db 0x01,0x00,0x00,0x00,0x4b,0x00,0x00,0x00,0xa2,0x17,0x05,0x00,0x19,0x00,0x00,0x00
  db 0x01,0x00,0x00,0x00,0x4c,0x00,0x00,0x00,0xae,0x17,0x05,0x00,0x19,0x00,0x00,0x00
  db 0x01,0x00,0x00,0x00,0x4c,0x00,0x00,0x00,0xba,0x17,0x05,0x00,0x1a,0x00,0x00,0x00
  db 0x01,0x00,0x00,0x00,0x4d,0x00,0x00,0x00,0xc6,0x17,0x05,0x00,0x18,0x00,0x00,0x00
  db 0x01,0x00,0x00,0x00,0x4e,0x00,0x00,0x00,0xd2,0x17,0x05,0x00,0x17,0x00,0x00,0x00
  db 0x01,0x00,0x00,0x00,0x4e,0x00,0x00,0x00,0xde,0x17,0x05,0x00,0x06,0x00,0x00,0x00
  db 0x00,0x00,0x00,0x00,0x4f,0x00,0x00,0x00,0xea,0x17,0x05,0x00,0x10,0x00,0x00,0x00
  db 0x00,0x00,0x00,0x00,0x50,0x00,0x00,0x00,0xf6,0x17,0x05,0x00,0x0b,0x00,0x00,0x00
  db 0x00,0x00,0x00,0x00,0x51,0x00,0x00,0x00,0x02,0x18,0x05,0x00,0x10,0x00,0x00,0x00
  db 0x00,0x00,0x00,0x00,0x50,0x00,0x00,0x00,0x0e,0x18,0x05,0x00,0x13,0x00,0x00,0x00
  db 0x00,0x00,0x00,0x00,0x52,0x00,0x00,0x00,0x1a,0x18,0x05,0x00,0x0c,0x00,0x00,0x00
  db 0x00,0x00,0x00,0x00,0x53,0x00,0x00,0x00,0x26,0x18,0x05,0x00,0x01,0x00,0x00,0x00
  db 0x01,0x00,0x00,0x00,0x54,0x00,0x00,0x00,0x32,0x18,0x05,0x00,0x01,0x00,0x00,0x00
  db 0x01,0x00,0x00,0x00,0x54,0x00,0x00,0x00,0x3e,0x18,0x05,0x00,0x04,0x00,0x00,0x00
  db 0x00,0x00,0x00,0x00,0x55,0x00,0x00,0x00,0x4a,0x18,0x05,0x00,0x21,0x00,0x00,0x00
  db 0x01,0x00,0x00,0x00,0x56,0x00,0x00,0x00,0x56,0x18,0x05,0x00,0x0a,0x00,0x00,0x00
  db 0x00,0x00,0x00,0x00,0x57,0x00,0x00,0x00,0x62,0x18,0x05,0x00,0x1d,0x00,0x00,0x00
  db 0x00,0x00,0x00,0x00,0x58,0x00,0x00,0x00,0x6e,0x18,0x05,0x00,0x23,0x00,0x00,0x00
  db 0x01,0x00,0x00,0x00,0x59,0x00,0x00,0x00,0x7a,0x18,0x05,0x00,0x1c,0x00,0x00,0x00
  db 0x01,0x00,0x00,0x00,0x40,0x00,0x00,0x00,0x86,0x18,0x05,0x00,0x0f,0x00,0x00,0x00
  db 0x00,0x00,0x00,0x00,0x5a,0x00,0x00,0x00,0x92,0x18,0x05,0x00,0x07,0x00,0x00,0x00
  db 0x00,0x00,0x00,0x00,0x46,0x00,0x00,0x00,0x9e,0x18,0x05,0x00,0x1f,0x00,0x00,0x00
  db 0x00,0x00,0x00,0x00,0x5b,0x00,0x00,0x00,0xaa,0x18,0x05,0x00,0x0f,0x00,0x00,0x00
  db 0x00,0x00,0x00,0x00,0x5a,0x00,0x00,0x00,0xb6,0x18,0x05,0x00,0x0d,0x00,0x00,0x00
  db 0x00,0x00,0x00,0x00,0x44,0x00,0x00,0x00,0xc2,0x18,0x05,0x00,0x22,0x00,0x00,0x00
  db 0x01,0x00,0x00,0x00,0x5c,0x00,0x00,0x00,0xce,0x18,0x05,0x00,0x0a,0x00,0x00,0x00
  db 0x00,0x00,0x00,0x00,0x57,0x00,0x00,0x00,0xda,0x18,0x05,0x00,0x00,0x00,0x00,0x00
  db 0x01,0x00,0x00,0x00,0x5d,0x00,0x00,0x00,0xe6,0x18,0x05,0x00,0x1b,0x00,0x00,0x00
  db 0x00,0x00,0x00,0x00,0x5e,0x00,0x00,0x00,0xf2,0x18,0x05,0x00,0x27,0x00,0x00,0x00
  db 0x01,0x00,0x00,0x00,0xae,0x00,0x00,0x00,0xfe,0x18,0x05,0x00,0x03,0x00,0x00,0x00
  db 0x00,0x00,0x00,0x00,0x5f,0x00,0x00,0x00,0x20,0x3b,0x00,0x3f,0x00,0x00,0x00,0x00
  db 0x00,0x00,0x00,0x00,0x00,0x00,0x00,0x41,0x53,0x43,0x49,0x49,0x00,0x00,0x00,0x00
  db 0x00,0x00,0x00,0x42,0x47,0x45,0x54,0x00,0x00,0x00,0x00,0x00,0x00,0x00,0x00,0x42
  db 0x49,0x4e,0x41,0x52,0x59,0x00,0x00,0x00,0x00,0x00,0x00,0x42,0x50,0x55,0x54,0x00
  db 0x00,0x00,0x00,0x00,0x00,0x00,0x00,0x42,0x59,0x45,0x00,0x00,0x00,0x00,0x00,0x00
  db 0x00,0x00,0x00,0x43,0x44,0x00,0x00,0x00,0x00,0x00,0x00,0x00,0x00,0x00,0x00,0x43
  db 0x48,0x44,0x49,0x52,0x00,0x00,0x00,0x00,0x00,0x00,0x00,0x43,0x4c,0x4f,0x53,0x45
  db 0x00,0x00,0x00,0x00,0x00,0x00,0x00,0x43,0x4c,0x53,0x00,0x00,0x00,0x00,0x00,0x00
  db 0x00,0x00,0x44,0x45,0x4c,0x00,0x00,0x00,0x00,0x00,0x00,0x00,0x00,0x00,0x44,0x49
  db 0x52,0x00,0x00,0x00,0x00,0x00,0x00,0x00,0x00,0x00,0x44,0x4f,0x57,0x4e,0x4c,0x4f
  db 0x41,0x44,0x00,0x00,0x00,0x00,0x47,0x45,0x54,0x00,0x00,0x00,0x00,0x00,0x00,0x00
  db 0x00,0x00,0x48,0x41,0x53,0x48,0x00,0x00,0x00,0x00,0x00,0x00,0x00,0x00,0x48,0x45
  db 0x4c,0x50,0x00,0x00,0x00,0x00,0x00,0x00,0x00,0x00,0x49,0x4e,0x54,0x45,0x52,0x41
  db 0x43,0x54,0x00,0x00,0x00,0x00,0x4c,0x43,0x44,0x00,0x00,0x00,0x00,0x00,0x00,0x00
  db 0x00,0x00,0x4c,0x43,0x48,0x44,0x49,0x52,0x00,0x00,0x00,0x00,0x00,0x00,0x4c,0x44
  db 0x45,0x4c,0x00,0x00,0x00,0x00,0x00,0x00,0x00,0x00,0x4c,0x44,0x49,0x52,0x00,0x00
  db 0x00,0x00,0x00,0x00,0x00,0x00,0x4c,0x4c,0x53,0x00,0x00,0x00,0x00,0x00,0x00,0x00
  db 0x00,0x00,0x4c,0x4d,0x44,0x00,0x00,0x00,0x00,0x00,0x00,0x00,0x00,0x00,0x4c,0x4d
  db 0x4b,0x44,0x49,0x52,0x00,0x00,0x00,0x00,0x00,0x00,0x4c,0x50,0x57,0x44,0x00,0x00
  db 0x00,0x00,0x00,0x00,0x00,0x00,0x4c,0x52,0x44,0x00,0x00,0x00,0x00,0x00,0x00,0x00
  db 0x00,0x00,0x4c,0x52,0x4d,0x44,0x49,0x52,0x00,0x00,0x00,0x00,0x00,0x00,0x4c,0x53
  db 0x00,0x00,0x00,0x00,0x00,0x00,0x00,0x00,0x00,0x00,0x4d,0x44,0x00,0x00,0x00,0x00
  db 0x00,0x00,0x00,0x00,0x00,0x00,0x4d,0x47,0x45,0x54,0x00,0x00,0x00,0x00,0x00,0x00
  db 0x00,0x00,0x4d,0x4b,0x44,0x49,0x52,0x00,0x00,0x00,0x00,0x00,0x00,0x00,0x4d,0x4f
  db 0x44,0x45,0x00,0x00,0x00,0x00,0x00,0x00,0x00,0x00,0x4d,0x50,0x55,0x54,0x00,0x00
  db 0x00,0x00,0x00,0x00,0x00,0x00,0x4e,0x45,0x57,0x00,0x00,0x00,0x00,0x00,0x00,0x00
  db 0x00,0x00,0x4f,0x50,0x45,0x4e,0x00,0x00,0x00,0x00,0x00,0x00,0x00,0x00,0x50,0x41
  db 0x53,0x53,0x00,0x00,0x00,0x00,0x00,0x00,0x00,0x00,0x50,0x52,0x4f,0x4d,0x50,0x54
  db 0x00,0x00,0x00,0x00,0x00,0x00,0x50,0x55,0x54,0x00,0x00,0x00,0x00,0x00,0x00,0x00
  db 0x00,0x00,0x50,0x57,0x44,0x00,0x00,0x00,0x00,0x00,0x00,0x00,0x00,0x00,0x51,0x55
  db 0x49,0x45,0x54,0x00,0x00,0x00,0x00,0x00,0x00,0x00,0x51,0x55,0x49,0x54,0x00,0x00
  db 0x00,0x00,0x00,0x00,0x00,0x00,0x52,0x44,0x00,0x00,0x00,0x00,0x00,0x00,0x00,0x00
  db 0x00,0x00,0x52,0x45,0x43,0x00,0x00,0x00,0x00,0x00,0x00,0x00,0x00,0x00,0x52,0x45
  db 0x4d,0x4f,0x54,0x45,0x48,0x45,0x4c,0x50,0x00,0x00,0x52,0x4d,0x44,0x49,0x52,0x00
  db 0x00,0x00,0x00,0x00,0x00,0x00,0x52,0x4d,0x00,0x00,0x00,0x00,0x00,0x00,0x00,0x00
  db 0x00,0x00,0x52,0x55,0x4e,0x00,0x00,0x00,0x00,0x00,0x00,0x00,0x00,0x00,0x53,0x45
  db 0x4e,0x44,0x00,0x00,0x00,0x00,0x00,0x00,0x00,0x00,0x53,0x54,0x41,0x54,0x55,0x53
  db 0x00,0x00,0x00,0x00,0x00,0x00,0x54,0x59,0x50,0x45,0x00,0x00,0x00,0x00,0x00,0x00
  db 0x00,0x00,0x55,0x50,0x4c,0x4f,0x41,0x44,0x00,0x00,0x00,0x00,0x00,0x00,0x55,0x53
  db 0x45,0x52,0x00,0x00,0x00,0x00,0x00,0x00,0x00,0x00,0x6f,0x6e,0x00,0x6f,0x66,0x66
  db 0x00,0x20,0x2d,0x2d,0x3e,0x20,0x00,0x5c,0x2a,0x2e,0x2a,0x00,0x43,0x6f,0x6e,0x6e
  db 0x65,0x63,0x74,0x65,0x63,0x74,0x69,0x6f,0x6e,0x20,0x54,0x65,0x72,0x6d,0x69,0x6e
  db 0x61,0x74,0x65,0x64,0x20,0x62,0x79,0x20,0x53,0x65,0x72,0x76,0x65,0x72,0x00,0x46
  db 0x54,0x50,0x43,0x00,0x53,0x65,0x6e,0x64,0x69,0x6e,0x67,0x20,0x50,0x41,0x53,0x53
  db 0x20,0x63,0x6f,0x6d,0x6d,0x61,0x6e,0x64,0x00,0x61,0x6e,0x6f,0x6e,0x79,0x6d,0x6f
  db 0x75,0x73,0x00,0x53,0x65,0x6e,0x64,0x69,0x6e,0x67,0x20,0x55,0x53,0x45,0x52,0x20
  db 0x63,0x6f,0x6d,0x6d,0x61,0x6e,0x64,0x00,0x53,0x54,0x41,0x54,0x00,0x5c,0x00,0x45
  db 0x52,0x52,0x3a,0x20,0x25,0x73,0x00,0x50,0x43,0x42,0x49,0x43,0x55,0x53,0x52,0x2e
  db 0x4e,0x4d,0x45,0x00,0x25,0x2d,0x31,0x33,0x2e,0x31,0x33,0x73,0x00,0x20,0x3c,0x44
  db 0x49,0x52,0x3e,0x00,0x25,0x6c,0x64,0x00,0x25,0x31,0x33,0x2e,0x31,0x33,0x73,0x00
  db 0x25,0x2d,0x31,0x33,0x2e,0x31,0x33,0x73,0x20,0x25,0x73,0x20,0x20,0x25,0x73,0x20
  db 0x25,0x32,0x64,0x3a,0x25,0x30,0x32,0x64,0x00,0x50,0x4f,0x52,0x54,0x20,0x25,0x75
  db 0x2c,0x25,0x75,0x2c,0x25,0x75,0x2c,0x25,0x75,0x2c,0x25,0x75,0x2c,0x25,0x75,0x0d
  db 0x0a,0x00,0x25,0x73,0x5c,0x25,0x73,0x00,0x55,0x6e,0x61,0x62,0x6c,0x65,0x20,0x74
  db 0x6f,0x20,0x73,0x65,0x6e,0x64,0x20,0x7a,0x65,0x72,0x6f,0x20,0x62,0x79,0x74,0x65
  db 0x20,0x66,0x69,0x6c,0x65,0x73,0x2e,0x20,0x20,0x20,0x41,0x62,0x6f,0x72,0x74,0x69
  db 0x6e,0x67,0x2e,0x00,0x53,0x65,0x6e,0x74,0x3a,0x20,0x25,0x39,0x6c,0x64,0x20,0x2f
  db 0x20,0x25,0x36,0x6c,0x64,0x2c,0x20,0x20,0x25,0x33,0x6c,0x64,0x25,0x25,0x00,0x52
  db 0x45,0x54,0x52,0x00,0x62,0x79,0x74,0x65,0x73,0x00,0x31,0x00,0x25,0x36,0x6c,0x64
  db 0x00,0x41,0x62,0x6f,0x72,0x74,0x69,0x6e,0x67,0x20,0x00,0x54,0x72,0x61,0x6e,0x73
  db 0x66,0x65,0x72,0x20,0x46,0x61,0x69,0x6c,0x65,0x64,0x20,0x6f,0x6e,0x20,0x25,0x73
  db 0x00,0x46,0x69,0x6c,0x65,0x20,0x72,0x65,0x63,0x65,0x69,0x76,0x65,0x64,0x3a,0x20
  db 0x25,0x73,0x20,0x20,0x20,0x43,0x50,0x53,0x3a,0x20,0x25,0x6c,0x64,0x00,0xdf,0xdf
  db 0xdf,0xdf,0xdf,0xdf,0xdf,0xdf,0xdf,0xdf,0xdf,0xdf,0xdf,0xdf,0xdf,0xdf,0xdf,0xdf
  db 0xdf,0xdf,0xdf,0xdf,0xdf,0xdf,0xdf,0xdf,0xdf,0xdf,0xdf,0xdf,0xdf,0xdf,0xdf,0xdf
  db 0xdf,0xdf,0xdf,0xdf,0xdf,0xdf,0xdf,0xdf,0xdf,0xdf,0xdf,0xdf,0xdf,0xdf,0xdf,0xdf
  db 0x00,0x52,0x65,0x63,0x76,0x3a,0x20,0x25,0x6c,0x64,0x20,0x69,0x6e,0x20,0x25,0x30
  db 0x32,0x6c,0x64,0x3a,0x25,0x30,0x32,0x6c,0x64,0x3a,0x25,0x30,0x32,0x6c,0x64,0x2c
  db 0x20,0x41,0x76,0x67,0x20,0x43,0x50,0x53,0x3a,0x20,0x25,0x6c,0x64,0x00,0x25,0x30
  db 0x32,0x6c,0x64,0x3a,0x25,0x30,0x32,0x6c,0x64,0x3a,0x25,0x30,0x32,0x6c,0x64,0x00
  db 0x55,0x6e,0x6b,0x6e,0x6f,0x77,0x6e,0x00,0x25,0x2d,0x36,0x6c,0x64,0x00,0x41,0x00
  db 0x43,0x6d,0x64,0x3a,0x20,0x00,0x53,0x54,0x4f,0x52,0x00,0x50,0x43,0x42,0x53,0x5a
  db 0x00,0x50,0x43,0x42,0x52,0x5a,0x00,0x2e,0x43,0x4d,0x44,0x00,0x2e,0x42,0x41,0x54
  db 0x00,0x55,0x6e,0x61,0x62,0x6c,0x65,0x20,0x74,0x6f,0x20,0x6c,0x6f,0x63,0x61,0x74
  db 0x65,0x3a,0x20,0x25,0x73,0x2e,0x42,0x41,0x54,0x2f,0x43,0x4d,0x44,0x20,0x66,0x69
  db 0x6c,0x65,0x00,0x46,0x69,0x6c,0x65,0x3a,0x20,0x25,0x73,0x20,0x69,0x73,0x20,0x6e
  db 0x6f,0x74,0x20,0x66,0x6f,0x75,0x6e,0x64,0x20,0x69,0x6e,0x20,0x79,0x6f,0x75,0x72
  db 0x20,0x68,0x6f,0x6c,0x64,0x69,0x6e,0x67,0x20,0x64,0x69,0x72,0x65,0x63,0x74,0x6f
  db 0x72,0x79,0x2e,0x00,0x31,0x20,0x32,0x20,0x00,0x31,0x20,0x32,0x20,0x2e,0x5c,0x00
  db 0x50,0x43,0x42,0x45,0x52,0x52,0x2e,0x46,0x49,0x4c,0x00,0x44,0x53,0x5a,0x4c,0x4f
  db 0x47,0x00,0x44,0x53,0x5a,0x2e,0x4c,0x4f,0x47,0x00,0x4e,0x4c,0x53,0x54,0x00,0x7e
  db 0x4d,0x47,0x45,0x54,0x25,0x2e,0x54,0x4d,0x50,0x00,0x6d,0x67,0x65,0x74,0x20,0x40
  db 0x58,0x30,0x41,0x00,0x3f,0x20,0x00,0x43,0x57,0x44,0x00,0x44,0x45,0x4c,0x45,0x00
  db 0x4c,0x49,0x53,0x54,0x00,0x2d,0x61,0x00,0x58,0x4d,0x4b,0x44,0x00,0x58,0x50,0x57
  db 0x44,0x00,0x58,0x52,0x4d,0x44,0x00,0x40,0x00,0x46,0x54,0x50,0x53,0x43,0x52,0x4e
  db 0x00,0x50,0x43,0x42,0x44,0x4f,0x4f,0x52,0x00,0x00,0x00,0x00,0x00,0x00,0x00,0x00
  db 0x00,0x00,0x00,0x00,0x20,0x3b,0x00,0x0d,0x0a,0x00,0x53,0x65,0x61,0x72,0x63,0x68
  db 0x20,0x63,0x72,0x69,0x74,0x65,0x72,0x69,0x61,0x20,0x6e,0x6f,0x74,0x20,0x66,0x6f
  db 0x75,0x6e,0x64,0x2e,0x00,0x54,0x65,0x78,0x74,0x20,0x46,0x69,0x6c,0x65,0x00,0x4d
  db 0x65,0x6e,0x75,0x00,0x43,0x53,0x4f,0x20,0x50,0x68,0x6f,0x6e,0x65,0x00,0x4d,0x61
  db 0x63,0x20,0x46,0x69,0x6c,0x65,0x00,0x42,0x69,0x6e,0x20,0x66,0x69,0x6c,0x65,0x00
  db 0x55,0x55,0x45,0x6e,0x63,0x6f,0x64,0x65,0x64,0x00,0x53,0x65,0x61,0x72,0x63,0x68
  db 0x00,0x54,0x65,0x6c,0x6e,0x65,0x74,0x00,0x55,0x6e,0x6b,0x77,0x6e,0x20,0x42,0x69
  db 0x6e,0x00,0x47,0x49,0x46,0x20,0x66,0x69,0x6c,0x65,0x00,0x49,0x6d,0x61,0x67,0x65
  db 0x20,0x66,0x69,0x6c,0x65,0x00,0x75,0x6e,0x6b,0x6e,0x6f,0x77,0x6e,0x00,0x40,0x58
  db 0x30,0x46,0x25,0x63,0x29,0x20,0x20,0x20,0x20,0x40,0x58,0x30,0x42,0x25,0x2d,0x31
  db 0x30,0x73,0x20,0x20,0x20,0x20,0x40,0x58,0x30,0x37,0x25,0x73,0x0d,0x0a,0x00,0x5c
  db 0x2a,0x2e,0x47,0x46,0x52,0x00,0x5c,0x00,0x76,0x98,0x01,0x00,0x99,0xa2,0x01,0x00
  db 0xa2,0x98,0x01,0x00,0x48,0xa1,0x01,0x00,0xce,0x98,0x01,0x00,0xb2,0x9f,0x01,0x00
  db 0xfa,0x98,0x01,0x00,0x2d,0x9f,0x01,0x00,0x26,0x99,0x01,0x00,0xd1,0x9f,0x01,0x00
  db 0x10,0x90,0x01,0x00,0x2b,0x93,0x01,0x00,0x1a,0x98,0x01,0x00,0x40,0xa7,0x03,0x00
  db 0x20,0x3b,0x00,0x4c,0x6f,0x6f,0x6b,0x69,0x6e,0x67,0x20,0x66,0x6f,0x72,0x20,0x25
  db 0x73,0x00,0x46,0x61,0x69,0x6c,0x65,0x64,0x20,0x74,0x6f,0x20,0x6c,0x6f,0x63,0x61
  db 0x74,0x65,0x20,0x68,0x6f,0x73,0x74,0x00,0x25,0x73,0x20,0x5b,0x25,0x73,0x5d,0x20
  db 0x20,0x00,0x43,0x6f,0x6e,0x6e,0x65,0x63,0x74,0x69,0x6f,0x6e,0x20,0x65,0x73,0x74
  db 0x61,0x62,0x6c,0x69,0x73,0x68,0x65,0x64,0x20,0x6f,0x6e,0x20,0x70,0x6f,0x72,0x74
  db 0x20,0x23,0x25,0x64,0x20,0x28,0x25,0x73,0x20,0x25,0x73,0x29,0x00,0x43,0x6f,0x6e
  db 0x6e,0x65,0x63,0x74,0x69,0x6f,0x6e,0x20,0x65,0x73,0x74,0x61,0x62,0x6c,0x69,0x73
  db 0x68,0x65,0x64,0x20,0x6f,0x6e,0x20,0x70,0x6f,0x72,0x74,0x20,0x23,0x25,0x64,0x00
  db 0x0d,0x0a,0x00,0x52,0x65,0x63,0x76,0x3a,0x20,0x25,0x2d,0x38,0x6c,0x64,0x20,0x69
  db 0x6e,0x20,0x25,0x30,0x32,0x6c,0x64,0x3a,0x25,0x30,0x32,0x6c,0x64,0x3a,0x25,0x30
  db 0x32,0x6c,0x64,0x2c,0x20,0x41,0x76,0x67,0x2e,0x20,0x43,0x50,0x53,0x3a,0x20,0x25
  db 0x2d,0x36,0x6c,0x64,0x00,0x55,0x6e,0x61,0x62,0x6c,0x65,0x20,0x74,0x6f,0x20,0x72
  db 0x65,0x63,0x65,0x69,0x76,0x65,0x20,0x66,0x69,0x6c,0x65,0x00,0x5c,0x00,0x56,0x49
  db 0x45,0x57,0x54,0x58,0x54,0x2e,0x47,0x46,0x52,0x00,0x55,0x55,0x45,0x4e,0x43,0x4f
  db 0x44,0x45,0x2e,0x47,0x46,0x52,0x00,0x45,0x72,0x72,0x6f,0x72,0x20,0x72,0x65,0x61
  db 0x64,0x69,0x6e,0x67,0x20,0x55,0x55,0x45,0x4e,0x43,0x4f,0x44,0x45,0x44,0x20,0x46
  db 0x49,0x4c,0x45,0x00,0x55,0x55,0x44,0x45,0x43,0x4f,0x44,0x45,0x2e,0x47,0x46,0x52
  db 0x00,0x45,0x72,0x72,0x6f,0x72,0x20,0x77,0x72,0x69,0x74,0x69,0x6e,0x67,0x20,0x55
  db 0x55,0x44,0x45,0x43,0x4f,0x44,0x45,0x44,0x20,0x46,0x49,0x4c,0x45,0x00,0x62,0x65
  db 0x67,0x69,0x6e,0x20,0x00,0x65,0x6e,0x64,0x00,0x50,0x43,0x42,0x44,0x4f,0x4f,0x52
  db 0x3d,0x00,0x09,0x00,0xbb,0xa3,0x01,0x00,0x2b,0x93,0x01,0x00,0x20,0x3b,0x00,0x00
  db 0x20,0x3b,0x00,0x00,0x02,0x00,0x00,0x20,0x3b,0x00,0x47,0x4c,0x4f,0x42,0x41,0x4c
  db 0x2e,0x00,0x54,0x4f,0x50,0x2e,0x00,0x54,0x45,0x4c,0x00,0x46,0x54,0x50,0x00,0x47
  db 0x50,0x48,0x00,0x52,0x4c,0x47,0x00,0x40,0x58,0x30,0x46,0x00,0x54,0x45,0x4c,0x4e
  db 0x45,0x54,0x00,0x47,0x4f,0x50,0x48,0x45,0x52,0x00,0x52,0x4c,0x4f,0x47,0x49,0x4e
  db 0x00,0x20,0x20,0x20,0x20,0x00,0x3d,0x3d,0x3d,0x3d,0x3d,0x3d,0x3d,0x3d,0x3d,0x3d
  db 0x3d,0x3d,0x3d,0x3d,0x3d,0x3d,0x3d,0x3d,0x3d,0x3d,0x3d,0x3d,0x3d,0x3d,0x3d,0x3d
  db 0x3d,0x3d,0x3d,0x3d,0x3d,0x3d,0x3d,0x3d,0x3d,0x3d,0x3d,0x3d,0x3d,0x3d,0x3d,0x3d
  db 0x3d,0x3d,0x3d,0x3d,0x3d,0x3d,0x3d,0x3d,0x3d,0x3d,0x3d,0x3d,0x3d,0x3d,0x3d,0x3d
  db 0x3d,0x3d,0x3d,0x3d,0x3d,0x3d,0x3d,0x3d,0x3d,0x3d,0x3d,0x3d,0x3d,0x3d,0x3d,0x3d
  db 0x3d,0x3d,0x3d,0x3d,0x3d,0x00,0x25,0x73,0x25,0x32,0x64,0x25,0x73,0x29,0x20,0x25
  db 0x73,0x25,0x2d,0x32,0x39,0x73,0x20,0x25,0x73,0x25,0x2d,0x33,0x39,0x73,0x25,0x73
  db 0x0d,0x0a,0x00,0x41,0x64,0x64,0x20,0x74,0x68,0x69,0x73,0x20,0x73,0x69,0x74,0x65
  db 0x20,0x74,0x6f,0x20,0x74,0x68,0x65,0x20,0x68,0x6f,0x74,0x70,0x69,0x63,0x6b,0x73
  db 0x20,0x6c,0x69,0x73,0x74,0x00,0x45,0x6e,0x74,0x65,0x72,0x20,0x61,0x20,0x73,0x68
  db 0x6f,0x72,0x74,0x20,0x64,0x65,0x73,0x63,0x72,0x69,0x70,0x74,0x69,0x6f,0x6e,0x00
  db 0x20,0x3b,0x00,0x20,0x25,0x64,0x00,0x20,0x25,0x6c,0x64,0x20,0x25,0x25,0x00,0x20
  db 0x00,0x20,0x25,0x6c,0x64,0x00,0x65,0x72,0x72,0x6f,0x72,0x20,0x69,0x6e,0x69,0x74
  db 0x69,0x61,0x6c,0x69,0x7a,0x69,0x6e,0x67,0x20,0x73,0x6f,0x63,0x6b,0x65,0x74,0x73
  db 0x00,0x4c,0x6f,0x6f,0x6b,0x69,0x6e,0x67,0x20,0x66,0x6f,0x72,0x20,0x25,0x73,0x00
  db 0x46,0x61,0x69,0x6c,0x65,0x64,0x20,0x74,0x6f,0x20,0x6c,0x6f,0x63,0x61,0x74,0x65
  db 0x20,0x68,0x6f,0x73,0x74,0x00,0x20,0x28,0x00,0x29,0x20,0x20,0x00,0x75,0x6e,0x6c
  db 0x69,0x6d,0x69,0x74,0x65,0x64,0x20,0x00,0x25,0x64,0x20,0x00,0x65,0x72,0x72,0x6f
  db 0x72,0x20,0x6f,0x70,0x65,0x6e,0x69,0x6e,0x67,0x20,0x73,0x6f,0x63,0x6b,0x65,0x74
  db 0x20,0x66,0x6f,0x72,0x20,0x49,0x43,0x4d,0x50,0x20,0x70,0x72,0x6f,0x74,0x6f,0x63
  db 0x6f,0x6c,0x00,0x65,0x72,0x72,0x6f,0x72,0x20,0x6f,0x70,0x65,0x6e,0x69,0x6e,0x67
  db 0x20,0x73,0x6f,0x63,0x6b,0x65,0x74,0x20,0x66,0x6f,0x72,0x20,0x52,0x41,0x57,0x20
  db 0x6f,0x75,0x74,0x70,0x75,0x74,0x00,0x2c,0x20,0x00,0x00,0x00,0x20,0x3b,0x00,0x50
  db 0x43,0x42,0x44,0x52,0x49,0x56,0x45,0x3d,0x00,0x50,0x43,0x42,0x44,0x49,0x52,0x3d
  db 0x00,0x5c,0x49,0x50,0x44,0x53,0x50,0x00,0x49,0x50,0x00,0x43,0x6f,0x75,0x6c,0x64
  db 0x6e,0x27,0x74,0x20,0x66,0x69,0x6e,0x64,0x20,0x49,0x50,0x3d,0x20,0x65,0x6e,0x76
  db 0x69,0x72,0x6f,0x6e,0x6d,0x65,0x6e,0x74,0x20,0x76,0x61,0x72,0x69,0x61,0x62,0x6c
  db 0x65,0x00,0x55,0x6e,0x61,0x62,0x6c,0x65,0x20,0x74,0x6f,0x20,0x64,0x65,0x74,0x65
  db 0x72,0x6d,0x69,0x6e,0x65,0x20,0x6e,0x6f,0x64,0x65,0x27,0x73,0x20,0x49,0x50,0x20
  db 0x61,0x64,0x64,0x72,0x65,0x73,0x73,0x00,0x45,0x54,0x48,0x41,0x44,0x44,0x52,0x00
  db 0x43,0x6f,0x75,0x6c,0x64,0x6e,0x27,0x74,0x20,0x66,0x69,0x6e,0x64,0x20,0x45,0x54
  db 0x48,0x41,0x44,0x44,0x52,0x3d,0x20,0x65,0x6e,0x76,0x69,0x72,0x6f,0x6e,0x6d,0x65
  db 0x6e,0x74,0x20,0x76,0x61,0x72,0x69,0x61,0x62,0x6c,0x65,0x00,0x55,0x6e,0x61,0x62
  db 0x6c,0x65,0x20,0x74,0x6f,0x20,0x64,0x65,0x74,0x65,0x72,0x6d,0x69,0x6e,0x65,0x20
  db 0x68,0x61,0x72,0x64,0x77,0x61,0x72,0x65,0x20,0x61,0x64,0x64,0x72,0x65,0x73,0x73
  db 0x20,0x6f,0x66,0x20,0x6d,0x61,0x63,0x68,0x69,0x6e,0x65,0x2e,0x00,0x4f,0x50,0x45
  db 0x4e,0x45,0x44,0x20,0x50,0x50,0x50,0x20,0x41,0x50,0x50,0x4c,0x49,0x43,0x41,0x54
  db 0x49,0x4f,0x4e,0x00,0x4f,0x50,0x45,0x4e,0x45,0x44,0x20,0x53,0x4c,0x49,0x50,0x20
  db 0x41,0x50,0x50,0x4c,0x49,0x43,0x41,0x54,0x49,0x4f,0x4e,0x00,0x41,0x52,0x50,0x2e
  db 0x45,0x58,0x45,0x00,0x43,0x4f,0x55,0x4c,0x44,0x20,0x4e,0x4f,0x54,0x20,0x46,0x49
  db 0x4e,0x44,0x20,0x41,0x52,0x50,0x2e,0x45,0x58,0x45,0x00,0x2d,0x73,0x20,0x25,0x73
  db 0x20,0x25,0x73,0x20,0x70,0x75,0x62,0x00,0x50,0x50,0x50,0x2e,0x45,0x58,0x45,0x00
  db 0x43,0x4f,0x55,0x4c,0x44,0x20,0x4e,0x4f,0x54,0x20,0x46,0x49,0x4e,0x44,0x20,0x50
  db 0x50,0x50,0x2e,0x45,0x58,0x45,0x00,0x63,0x6f,0x6d,0x25,0x64,0x20,0x25,0x6c,0x64
  db 0x20,0x72,0x74,0x73,0x63,0x74,0x73,0x20,0x65,0x78,0x69,0x74,0x20,0x6d,0x6f,0x64
  db 0x65,0x6d,0x20,0x6d,0x72,0x75,0x20,0x25,0x64,0x20,0x70,0x72,0x69,0x6f,0x72,0x69
  db 0x74,0x79,0x20,0x31,0x20,0x25,0x73,0x3a,0x25,0x73,0x20,0x70,0x72,0x6f,0x78,0x79
  db 0x61,0x72,0x70,0x00,0x53,0x4c,0x49,0x50,0x2e,0x45,0x58,0x45,0x00,0x43,0x4f,0x55
  db 0x4c,0x44,0x20,0x4e,0x4f,0x54,0x20,0x46,0x49,0x4e,0x44,0x20,0x53,0x4c,0x49,0x50
  db 0x2e,0x45,0x58,0x45,0x00,0x2d,0x63,0x6f,0x6d,0x25,0x64,0x20,0x2d,0x73,0x70,0x65
  db 0x65,0x64,0x20,0x25,0x6c,0x64,0x20,0x2d,0x72,0x74,0x73,0x63,0x74,0x73,0x20,0x2d
  db 0x65,0x78,0x69,0x74,0x20,0x2d,0x6d,0x74,0x75,0x25,0x64,0x20,0x2d,0x6e,0x6f,0x63
  db 0x66,0x67,0x20,0x2d,0x70,0x25,0x64,0x20,0x2d,0x69,0x66,0x63,0x6f,0x6e,0x66,0x69
  db 0x67,0x20,0x25,0x73,0x20,0x25,0x73,0x20,0x2b,0x70,0x72,0x6f,0x78,0x79,0x61,0x72
  db 0x70,0x00,0x43,0x4c,0x4f,0x53,0x45,0x44,0x20,0x41,0x50,0x50,0x4c,0x49,0x43,0x41
  db 0x54,0x49,0x4f,0x4e,0x20,0x28,0x25,0x73,0x20,0x25,0x73,0x29,0x00,0x43,0x4c,0x4f
  db 0x53,0x45,0x44,0x20,0x41,0x50,0x50,0x4c,0x49,0x43,0x41,0x54,0x49,0x4f,0x4e,0x00
  db 0x20,0x3b,0x00,0x76,0x74,0x31,0x30,0x30,0x2f,0x31,0x31,0x35,0x32,0x30,0x30,0x00
  db 0x25,0x73,0x2f,0x25,0x6c,0x64,0x00,0x41,0x4e,0x53,0x49,0x00,0x56,0x54,0x32,0x32
  db 0x30,0x00,0x00,0x00,0xff,0x00,0x00,0x20,0x3b,0x00,0x00,0x49,0x42,0x4d,0x50,0x43
  db 0xff,0xf0,0x00,0x00,0x20,0x3b,0x00,0x25,0x35,0x6c,0x64,0x25,0x35,0x6c,0x64,0x25
  db 0x35,0x6c,0x64,0x00,0x65,0x72,0x72,0x6f,0x72,0x20,0x69,0x6e,0x69,0x74,0x69,0x61
  db 0x6c,0x69,0x7a,0x69,0x6e,0x67,0x20,0x73,0x6f,0x63,0x6b,0x65,0x74,0x73,0x00,0x65
  db 0x72,0x72,0x6f,0x72,0x20,0x6f,0x70,0x65,0x6e,0x69,0x6e,0x67,0x20,0x73,0x6f,0x63
  db 0x6b,0x65,0x74,0x20,0x66,0x6f,0x72,0x20,0x49,0x43,0x4d,0x50,0x20,0x70,0x72,0x6f
  db 0x74,0x6f,0x63,0x6f,0x6c,0x00,0x65,0x72,0x72,0x6f,0x72,0x20,0x6f,0x70,0x65,0x6e
  db 0x69,0x6e,0x67,0x20,0x73,0x6f,0x63,0x6b,0x65,0x74,0x20,0x66,0x6f,0x72,0x20,0x52
  db 0x41,0x57,0x20,0x6f,0x75,0x74,0x70,0x75,0x74,0x00,0x20,0x74,0x6f,0x20,0x25,0x73
  db 0x20,0x28,0x25,0x73,0x29,0x00,0x25,0x32,0x64,0x29,0x20,0x00,0x25,0x73,0x25,0x2a
  db 0x73,0x00,0x20,0x2a,0x20,0x20,0x20,0x2a,0x20,0x20,0x20,0x2a,0x00,0x20,0x25,0x64
  db 0x00,0x09,0x00,0x2a,0x20,0x4e,0x75,0x6d,0x62,0x65,0x72,0x20,0x6f,0x66,0x20,0x6c
  db 0x6f,0x73,0x74,0x20,0x70,0x61,0x63,0x6b,0x65,0x74,0x73,0x2e,0x00,0x00,0x00,0x00
  db 0x20,0x3b,0x00,0x0d,0x0a,0x00,0x72,0x73,0x2e,0x69,0x6e,0x74,0x65,0x72,0x6e,0x69
  db 0x63,0x2e,0x6e,0x65,0x74,0x00,0x00,0x00,0x01,0x00,0x00,0x00,0x00,0x25,0x6c,0x75
  db 0x2e,0x25,0x6c,0x75,0x2e,0x25,0x6c,0x75,0x2e,0x25,0x6c,0x75,0x00,0xc4,0xdf,0x01
  db 0x00,0xf9,0xdf,0x01,0x00,0xf0,0xef,0x01,0x00,0x5c,0xe0,0x01,0x00,0x79,0xdf,0x01
  db 0x00,0x40,0xa7,0x03,0x00,0x40,0xa7,0x03,0x00,0x40,0xa7,0x03,0x00,0x40,0xa7,0x03
  db 0x00,0x40,0xa7,0x03,0x00,0x00,0x00,0x00,0x0d,0x0a,0x00,0x53,0xef,0x01,0x00,0x40
  db 0xa7,0x03,0x00,0x40,0xa7,0x03,0x00,0x40,0xa7,0x03,0x00,0x40,0xa7,0x03,0x00,0x40
  db 0xa7,0x03,0x00,0x40,0xa7,0x03,0x00,0x40,0xa7,0x03,0x00,0x40,0xa7,0x03,0x00,0x40
  db 0xa7,0x03,0x00,0x40,0xa7,0x03,0x00,0x40,0xa7,0x03,0x00,0x40,0xa7,0x03,0x00,0x40
  db 0xa7,0x03,0x00,0x40,0xa7,0x03,0x00,0x27,0xef,0x01,0x00,0x35,0xe2,0x01,0x00,0x29
  db 0xe2,0x01,0x00,0x8a,0xe2,0x01,0x00,0x7b,0xe5,0x01,0x00,0xa3,0xe5,0x01,0x00,0xc3
  db 0xe5,0x01,0x00,0x3d,0xe6,0x01,0x00,0x00,0xe6,0x01,0x00,0xf8,0xe6,0x01,0x00,0x48
  db 0xe7,0x01,0x00,0x85,0xe7,0x01,0x00,0xe0,0xe7,0x01,0x00,0x14,0xe8,0x01,0x00,0x3c
  db 0xe8,0x01,0x00,0xd9,0xee,0x01,0x00,0x35,0xe2,0x01,0x00,0x29,0xe2,0x01,0x00,0x8a
  db 0xe2,0x01,0x00,0x7b,0xe5,0x01,0x00,0xa3,0xe5,0x01,0x00,0xc3,0xe5,0x01,0x00,0x3d
  db 0xe6,0x01,0x00,0x00,0xe6,0x01,0x00,0xf8,0xe6,0x01,0x00,0x48,0xe7,0x01,0x00,0x85
  db 0xe7,0x01,0x00,0xe0,0xe7,0x01,0x00,0x14,0xe8,0x01,0x00,0x3c,0xe8,0x01,0x00,0xc4
  db 0xdf,0x01,0x00,0xf9,0xdf,0x01,0x00,0xf0,0xef,0x01,0x00,0x5c,0xe0,0x01,0x00,0x79
  db 0xdf,0x01,0x00,0x09,0xf0,0x01,0x00,0x35,0xe2,0x01,0x00,0x29,0xe2,0x01,0x00,0x8a
  db 0xe2,0x01,0x00,0x7b,0xe5,0x01,0x00,0xa3,0xe5,0x01,0x00,0xc3,0xe5,0x01,0x00,0x3d
  db 0xe6,0x01,0x00,0x00,0xe6,0x01,0x00,0xf8,0xe6,0x01,0x00,0x48,0xe7,0x01,0x00,0x85
  db 0xe7,0x01,0x00,0xe0,0xe7,0x01,0x00,0x14,0xe8,0x01,0x00,0x3c,0xe8,0x01,0x00,0x00
  db 0xfa,0xf0,0x01,0x00,0x10,0xf1,0x01,0x00,0x26,0xf1,0x01,0x00,0x40,0xa7,0x03,0x00
  db 0x40,0xa7,0x03,0x00,0x40,0xa7,0x03,0x00,0x30,0x34,0x32,0x36,0x31,0x35,0x33,0x37
  db 0x07,0x00,0x08,0xff,0xff,0xff,0xff,0xff,0x01,0xf8,0x80,0xff,0xff,0xff,0x70,0xf8
  db 0x00,0x88,0xff,0xff,0xff,0xff,0xff,0xff,0xff,0xff,0xff,0xff,0xff,0xff,0xff,0xff
  db 0xff,0xff,0xff,0xff,0xff,0xff,0xff,0xff,0xff,0xff,0xff,0xff,0xff,0xff,0xff,0xff
  db 0xff,0xff,0xff,0xff,0xff,0xff,0xff,0xff,0xff,0xff,0xff,0xff,0x00,0xf8,0x04,0xf8
  db 0x02,0xf8,0x06,0xf8,0x01,0xf8,0x05,0xf8,0x03,0xf8,0x07,0xf8,0xff,0xff,0xff,0xff
  db 0x00,0x8f,0x40,0x8f,0x20,0x8f,0x60,0x8f,0x10,0x8f,0x50,0x8f,0x30,0x8f,0x70,0x8f
  db 0x00,0x00,0xa0,0x00,0x40,0x01,0xe0,0x01,0x80,0x02,0x20,0x03,0xc0,0x03,0x60,0x04
  db 0x00,0x05,0xa0,0x05,0x40,0x06,0xe0,0x06,0x80,0x07,0x20,0x08,0xc0,0x08,0x60,0x09
  db 0x00,0x0a,0xa0,0x0a,0x40,0x0b,0xe0,0x0b,0x80,0x0c,0x20,0x0d,0xc0,0x0d,0x60,0x0e
  db 0x00,0x0f,0xa0,0x0f,0x40,0x10,0xe0,0x10,0x80,0x11,0x20,0x12,0xc0,0x12,0x60,0x13
  db 0x00,0x14,0xa0,0x14,0x40,0x15,0xe0,0x15,0x80,0x16,0x20,0x17,0xc0,0x17,0x60,0x18
  db 0x00,0x19,0xa0,0x19,0x40,0x1a,0xe0,0x1a,0x80,0x1b,0x20,0x1c,0xc0,0x1c,0x60,0x1d
  db 0x00,0x1e,0xa0,0x1e,0x40,0x1f,0xe0,0x1f,0x80,0x20,0x20,0x21,0xc0,0x21,0x60,0x22
  db 0x00,0x23,0xa0,0x23,0x40,0x24,0xe0,0x24,0x41,0x6c,0x74,0x2d,0x3e,0x20,0x46,0x3d
  db 0x4f,0x75,0x74,0x20,0x49,0x3d,0x49,0x6e,0x20,0x4e,0x3d,0x4e,0x65,0x78,0x74,0x20
  db 0x58,0x3d,0x44,0x4f,0x53,0x20,0x50,0x3d,0x50,0x72,0x69,0x6e,0x74,0x65,0x72,0x20
  db 0x54,0x3d,0x46,0x6d,0x46,0x65,0x65,0x64,0x20,0x46,0x31,0x2f,0x46,0x32,0x3d,0x54
  db 0x69,0x6d,0x65,0x20,0x46,0x39,0x2f,0x46,0x31,0x30,0x3d,0x53,0x65,0x63,0x75,0x72
  db 0x69,0x74,0x79,0x00,0x31,0x3d,0x53,0x79,0x50,0x72,0x76,0x20,0x32,0x3d,0x4c,0x6b
  db 0x4f,0x75,0x74,0x20,0x33,0x3d,0x50,0x72,0x69,0x6e,0x74,0x20,0x34,0x3d,0x42,0x65
  db 0x6c,0x6c,0x20,0x35,0x3d,0x53,0x48,0x45,0x4c,0x4c,0x20,0x36,0x3d,0x52,0x65,0x67
  db 0x20,0x37,0x3d,0x41,0x6c,0x61,0x72,0x6d,0x20,0x38,0x3d,0x48,0x6e,0x67,0x55,0x70
  db 0x20,0x39,0x3d,0x53,0x63,0x72,0x65,0x65,0x6e,0x20,0x31,0x30,0x3d,0x43,0x68,0x61
  db 0x74,0x00,0x28,0x40,0x4f,0x50,0x54,0x45,0x58,0x54,0x40,0x29,0x20,0x6e,0x6f,0x74
  db 0x20,0x66,0x6f,0x75,0x6e,0x64,0x20,0x6f,0x6e,0x20,0x64,0x69,0x73,0x6b,0x21,0x00
  db 0x44,0x69,0x73,0x6b,0x20,0x46,0x75,0x6c,0x6c,0x20,0x2d,0x20,0x53,0x79,0x73,0x74
  db 0x65,0x6d,0x20,0x70,0x72,0x65,0x73,0x65,0x6e,0x74,0x6c,0x79,0x20,0x75,0x6e,0x61
  db 0x76,0x61,0x69,0x6c,0x61,0x62,0x6c,0x65,0x21,0x00,0x4e,0x65,0x74,0x77,0x6f,0x72
  db 0x6b,0x20,0x44,0x65,0x6c,0x61,0x79,0x20,0x2d,0x20,0x50,0x6c,0x65,0x61,0x73,0x65
  db 0x20,0x57,0x61,0x69,0x74,0x2c,0x20,0x40,0x46,0x49,0x52,0x53,0x54,0x40,0x20,0x2e
  db 0x2e,0x2e,0x00,0x28,0x40,0x54,0x49,0x4d,0x45,0x4c,0x45,0x46,0x54,0x40,0x20,0x6d
  db 0x69,0x6e,0x20,0x6c,0x65,0x66,0x74,0x29,0x2c,0x20,0x28,0x48,0x29,0x65,0x6c,0x70
  db 0x2c,0x20,0x4d,0x6f,0x72,0x65,0x00,0x50,0x72,0x65,0x73,0x73,0x20,0x28,0x45,0x6e
  db 0x74,0x65,0x72,0x29,0x20,0x74,0x6f,0x20,0x63,0x6f,0x6e,0x74,0x69,0x6e,0x75,0x65
  db 0x00,0x41,0x75,0x74,0x6f,0x6d,0x61,0x74,0x69,0x63,0x20,0x44,0x69,0x73,0x63,0x6f
  db 0x6e,0x6e,0x65,0x63,0x74,0x20,0x43,0x6f,0x6d,0x70,0x6c,0x65,0x74,0x65,0x64,0x21
  db 0x00,0x20,0x20,0x28,0x45,0x6e,0x74,0x65,0x72,0x29,0x20,0x63,0x6f,0x6e,0x74,0x69
  db 0x6e,0x75,0x65,0x73,0x20,0x6f,0x6e,0x20,0x77,0x69,0x74,0x68,0x20,0x64,0x69,0x73
  db 0x70,0x6c,0x61,0x79,0x20,0x20,0x20,0x20,0x20,0x00,0x20,0x20,0x28,0x59,0x29,0x20
  db 0x79,0x65,0x73,0x2c,0x20,0x63,0x6f,0x6e,0x74,0x69,0x6e,0x75,0x65,0x20,0x6f,0x6e
  db 0x20,0x77,0x69,0x74,0x68,0x20,0x64,0x69,0x73,0x70,0x6c,0x61,0x79,0x20,0x20,0x20
  db 0x20,0x20,0x00,0x20,0x20,0x28,0x4e,0x29,0x20,0x6e,0x6f,0x2c,0x20,0x73,0x74,0x6f
  db 0x70,0x20,0x64,0x69,0x73,0x70,0x6c,0x61,0x79,0x69,0x6e,0x67,0x20,0x74,0x68,0x69
  db 0x73,0x20,0x74,0x65,0x78,0x74,0x20,0x20,0x20,0x20,0x20,0x00,0x20,0x20,0x28,0x4e
  db 0x53,0x29,0x20,0x63,0x6f,0x6e,0x74,0x69,0x6e,0x75,0x65,0x20,0x72,0x65,0x61,0x64
  db 0x69,0x6e,0x67,0x20,0x69,0x6e,0x20,0x6e,0x6f,0x6e,0x2d,0x73,0x74,0x6f,0x70,0x20
  db 0x6d,0x6f,0x64,0x65,0x00,0x54,0x68,0x61,0x6e,0x6b,0x73,0x20,0x66,0x6f,0x72,0x20
  db 0x63,0x61,0x6c,0x6c,0x69,0x6e,0x67,0x2c,0x20,0x40,0x46,0x49,0x52,0x53,0x54,0x40
  db 0x21,0x00,0x55,0x4e,0x4b,0x4e,0x4f,0x57,0x4e,0x20,0x54,0x58,0x54,0x20,0x23,0x25
  db 0x64,0x00,0x40,0x4f,0x50,0x54,0x45,0x58,0x54,0x40,0x00,0x00,0x00,0x00,0x00,0x00
  db 0x2e,0x25,0x30,0x33,0x64,0x00,0x00,0x00,0x00,0x00,0x00,0x00,0x00,0x00,0x1f,0x00
  db 0x3b,0x00,0x5a,0x00,0x78,0x00,0x97,0x00,0xb5,0x00,0xd4,0x00,0xf3,0x00,0x11,0x01
  db 0x30,0x01,0x4e,0x01,0x00,0x00,0x1f,0x00,0x3c,0x00,0x5b,0x00,0x79,0x00,0x98,0x00
  db 0xb6,0x00,0xd5,0x00,0xf4,0x00,0x12,0x01,0x31,0x01,0x4f,0x01,0x30,0x30,0x2d,0x30
  db 0x30,0x2d,0x30,0x30,0x00,0x25,0x30,0x32,0x64,0x2d,0x25,0x30,0x32,0x64,0x2d,0x25
  db 0x30,0x32,0x64,0x00,0x4f,0x46,0x46,0x2d,0x4c,0x49,0x4e,0x45,0x00,0x44,0x45,0x4c
  db 0x45,0x54,0x45,0x44,0x20,0x00,0x25,0x30,0x32,0x64,0x25,0x63,0x25,0x30,0x32,0x64
  db 0x25,0x63,0x25,0x30,0x32,0x64,0x00,0x00,0x00,0x00,0x00,0x00,0x00,0x00,0x00,0x00
  db 0x00,0x00,0x00,0x00,0x25,0x6c,0x66,0x00,0x8c,0x53,0xb8,0xa7,0x9e,0x0f,0x0a,0xcb
  db 0x28,0x62,0x2d,0x50,0x7e,0x05,0x3d,0x4e,0x35,0x00,0x00,0x00,0x00,0x00,0x00,0x00
  db 0x00,0x2e,0x40,0x40,0x40,0x00,0x31,0x35,0x2e,0x30,0x00,0x2e,0x41,0x44,0x44,0x00
  db 0x50,0x43,0x42,0x53,0x54,0x55,0x46,0x46,0x2e,0x4b,0x42,0x44,0x00,0x0d,0x0a,0x0d
  db 0x0a,0x42,0x59,0x45,0x0d,0x0a,0x00,0x4c,0x6f,0x67,0x67,0x65,0x64,0x20,0x6f,0x66
  db 0x66,0x20,0x69,0x6e,0x20,0x64,0x6f,0x6f,0x72,0x00,0x00,0x00,0x00,0x00,0x00,0x00
  db 0x07,0x70,0x70,0x07,0x00,0x07,0x70,0x07,0x07,0x07,0x07,0x1f,0x70,0x70,0x4f,0x10
  db 0x17,0x30,0x1e,0x4e,0x1e,0x1c,0x00,0x00,0x00,0x00,0x00,0x00,0x30,0x34,0x32,0x36
  db 0x31,0x35,0x33,0x37,0x00,0x00,0x00,0x00,0x00,0x0c,0x0a,0x0e,0x09,0x0d,0x0b,0x0f
  db 0x03,0x00,0x20,0x7e,0x00,0x00,0x00,0x00,0x03,0x47,0x4e,0x53,0x03,0x00,0x30,0x39
  db 0x06,0x00,0x41,0x5a,0x00,0x61,0x7a,0x00,0x02,0x59,0x4e,0x57,0x4b,0x45,0x59,0x00
  db 0x55,0x6e,0x61,0x62,0x6c,0x65,0x20,0x74,0x6f,0x20,0x63,0x72,0x65,0x61,0x74,0x65
  db 0x20,0x57,0x4b,0x45,0x59,0x20,0x73,0x65,0x6d,0x61,0x70,0x68,0x6f,0x72,0x65,0x00
  db 0x48,0x42,0x45,0x41,0x54,0x00,0x55,0x6e,0x61,0x62,0x6c,0x65,0x20,0x74,0x6f,0x20
  db 0x63,0x72,0x65,0x61,0x74,0x65,0x20,0x48,0x42,0x45,0x41,0x54,0x20,0x73,0x65,0x6d
  db 0x61,0x70,0x68,0x6f,0x72,0x65,0x00,0x50,0x43,0x42,0x44,0x4f,0x4f,0x52,0x00,0x00
  db 0x41,0x74,0x20,0x6c,0x65,0x61,0x73,0x74,0x20,0x25,0x64,0x20,0x63,0x68,0x61,0x72
  db 0x61,0x63,0x74,0x65,0x72,0x73,0x20,0x6f,0x66,0x20,0x69,0x6e,0x70,0x75,0x74,0x20
  db 0x72,0x65,0x71,0x75,0x69,0x72,0x65,0x64,0x21,0x00,0x00,0x00,0x00,0x00,0x00,0x00
  db 0x00,0x00,0x00,0x00,0x00,0x00,0x00,0x00,0x00,0x00,0x00,0x00,0x00,0x00,0x00,0x00
  db 0x00,0x00,0x00,0x00,0x55,0x53,0x45,0x52,0x53,0x2e,0x53,0x59,0x53,0x00,0x50,0x6c
  db 0x65,0x61,0x73,0x65,0x20,0x6c,0x65,0x61,0x76,0x65,0x20,0x61,0x20,0x28,0x43,0x29
  db 0x6f,0x6d,0x6d,0x65,0x6e,0x74,0x20,0x74,0x6f,0x20,0x74,0x68,0x65,0x20,0x73,0x79
  db 0x73,0x6f,0x70,0x20,0x74,0x68,0x61,0x74,0x20,0x74,0x68,0x65,0x20,0x64,0x6f,0x6f
  db 0x72,0x20,0x68,0x61,0x73,0x20,0x70,0x72,0x6f,0x62,0x6c,0x65,0x6d,0x73,0x20,0x77
  db 0x69,0x74,0x68,0x20,0x74,0x68,0x65,0x00,0x55,0x53,0x45,0x52,0x53,0x2e,0x53,0x59
  db 0x53,0x20,0x66,0x69,0x6c,0x65,0x2e,0x00,0x57,0x72,0x6f,0x6e,0x67,0x20,0x76,0x65
  db 0x72,0x73,0x69,0x6f,0x6e,0x20,0x75,0x73,0x65,0x72,0x73,0x2e,0x73,0x79,0x73,0x00
  db 0x55,0x6e,0x61,0x62,0x6c,0x65,0x20,0x74,0x6f,0x20,0x61,0x6c,0x6c,0x6f,0x63,0x61
  db 0x74,0x65,0x20,0x6d,0x65,0x6d,0x6f,0x72,0x79,0x20,0x66,0x6f,0x72,0x20,0x4c,0x4d
  db 0x52,0x73,0x00,0x55,0x6e,0x61,0x62,0x6c,0x65,0x20,0x74,0x6f,0x20,0x61,0x6c,0x6c
  db 0x6f,0x63,0x61,0x74,0x65,0x20,0x6d,0x65,0x6d,0x6f,0x72,0x79,0x20,0x66,0x6f,0x72
  db 0x20,0x66,0x6c,0x61,0x67,0x73,0x00,0x54,0x50,0x41,0x20,0x6e,0x6f,0x74,0x20,0x70
  db 0x72,0x65,0x73,0x65,0x6e,0x74,0x00,0x55,0x6e,0x61,0x62,0x6c,0x65,0x20,0x74,0x6f
  db 0x20,0x61,0x6c,0x6c,0x6f,0x63,0x61,0x74,0x65,0x20,0x6d,0x65,0x6d,0x6f,0x72,0x79
  db 0x20,0x66,0x6f,0x72,0x20,0x54,0x50,0x41,0x00,0x53,0x59,0x53,0x4f,0x50,0x00,0x45
  db 0x72,0x72,0x6f,0x72,0x20,0x72,0x65,0x61,0x64,0x69,0x6e,0x67,0x20,0x75,0x73,0x65
  db 0x72,0x73,0x2e,0x73,0x79,0x73,0x20,0x66,0x69,0x6c,0x65,0x00,0x45,0x72,0x72,0x6f
  db 0x72,0x20,0x75,0x70,0x64,0x61,0x74,0x69,0x6e,0x67,0x20,0x75,0x73,0x65,0x72,0x73
  db 0x2e,0x73,0x79,0x73,0x00,0x00,0x00,0x00,0x00,0x00,0x00,0x00,0x00,0x00,0x00,0x00
  db 0x00,0x00,0x00,0x00,0x70,0x75,0x74,0x70,0x73,0x61,0x73,0x28,0x29,0x00,0x67,0x65
  db 0x74,0x70,0x73,0x61,0x73,0x28,0x29,0x00,0x55,0x73,0x65,0x72,0x73,0x20,0x48,0x61
  db 0x6e,0x64,0x6c,0x65,0x20,0x43,0x6f,0x72,0x72,0x75,0x70,0x74,0x65,0x64,0x00,0x55
  db 0x73,0x65,0x72,0x20,0x6e,0x75,0x6d,0x62,0x65,0x72,0x20,0x6f,0x75,0x74,0x20,0x6f
  db 0x66,0x20,0x72,0x61,0x6e,0x67,0x65,0x20,0x25,0x73,0x69,0x6e,0x67,0x20,0x75,0x73
  db 0x65,0x72,0x73,0x20,0x2d,0x20,0x6f,0x66,0x66,0x73,0x65,0x74,0x20,0x25,0x6c,0x64
  db 0x00,0x77,0x72,0x69,0x74,0x00,0x77,0x72,0x69,0x74,0x65,0x75,0x73,0x65,0x72,0x73
  db 0x66,0x69,0x6c,0x65,0x28,0x29,0x00,0x72,0x65,0x61,0x64,0x75,0x73,0x65,0x72,0x73
  db 0x66,0x69,0x6c,0x65,0x28,0x29,0x00,0x55,0x4e,0x41,0x42,0x4c,0x45,0x20,0x54,0x4f
  db 0x20,0x4f,0x50,0x45,0x4e,0x20,0x55,0x53,0x45,0x52,0x53,0x20,0x46,0x49,0x4c,0x45
  db 0x20,0x2d,0x20,0x52,0x55,0x4e,0x20,0x50,0x43,0x42,0x53,0x4d,0x20,0x54,0x4f,0x20
  db 0x43,0x52,0x45,0x41,0x54,0x45,0x20,0x49,0x54,0x00,0x55,0x4e,0x41,0x42,0x4c,0x45
  db 0x20,0x54,0x4f,0x20,0x4f,0x50,0x45,0x4e,0x20,0x55,0x53,0x45,0x52,0x53,0x2e,0x49
  db 0x4e,0x46,0x20,0x2d,0x20,0x52,0x55,0x4e,0x20,0x50,0x43,0x42,0x53,0x4d,0x20,0x54
  db 0x4f,0x20,0x43,0x52,0x45,0x41,0x54,0x45,0x20,0x49,0x54,0x00,0x48,0x45,0x41,0x44
  db 0x45,0x52,0x20,0x45,0x52,0x52,0x4f,0x52,0x20,0x49,0x4e,0x20,0x55,0x53,0x45,0x52
  db 0x53,0x2e,0x49,0x4e,0x46,0x20,0x2d,0x20,0x4f,0x52,0x20,0x55,0x4e,0x41,0x42,0x4c
  db 0x45,0x20,0x54,0x4f,0x20,0x52,0x45,0x41,0x44,0x20,0x55,0x53,0x45,0x52,0x53,0x2e
  db 0x49,0x4e,0x46,0x20,0x46,0x49,0x4c,0x45,0x00,0x45,0x52,0x52,0x4f,0x52,0x21,0x20
  db 0x20,0x4e,0x65,0x65,0x64,0x20,0x74,0x6f,0x20,0x75,0x70,0x64,0x61,0x74,0x65,0x20
  db 0x55,0x73,0x65,0x72,0x20,0x49,0x6e,0x66,0x6f,0x20,0x46,0x69,0x6c,0x65,0x20,0x43
  db 0x6f,0x6e,0x66,0x65,0x72,0x65,0x6e,0x63,0x65,0x20,0x41,0x6c,0x6c,0x6f,0x63,0x61
  db 0x74,0x69,0x6f,0x6e,0x73,0x00,0x50,0x43,0x42,0x00,0x41,0x4c,0x49,0x41,0x53,0x00
  db 0x56,0x45,0x52,0x49,0x46,0x59,0x00,0x41,0x44,0x44,0x52,0x45,0x53,0x53,0x00,0x50
  db 0x41,0x53,0x53,0x57,0x4f,0x52,0x44,0x00,0x53,0x54,0x41,0x54,0x53,0x00,0x4e,0x4f
  db 0x54,0x45,0x53,0x00,0x41,0x43,0x43,0x4f,0x55,0x4e,0x54,0x00,0x51,0x57,0x4b,0x4e
  db 0x45,0x54,0x00,0x50,0x45,0x52,0x53,0x4f,0x4e,0x41,0x4c,0x00,0x42,0x41,0x4e,0x4b
  db 0x00,0x70,0x75,0x74,0x20,0x69,0x6e,0x66,0x20,0x23,0x31,0x00,0x70,0x75,0x74,0x20
  db 0x69,0x6e,0x66,0x20,0x23,0x32,0x00,0x70,0x75,0x74,0x20,0x69,0x6e,0x66,0x20,0x23
  db 0x33,0x00,0x43,0x41,0x4e,0x27,0x54,0x20,0x57,0x52,0x49,0x54,0x45,0x20,0x54,0x4f
  db 0x20,0x55,0x53,0x45,0x52,0x53,0x2e,0x49,0x4e,0x46,0x00,0x55,0x73,0x65,0x72,0x73
  db 0x20,0x49,0x6e,0x66,0x6f,0x20,0x48,0x61,0x6e,0x64,0x6c,0x65,0x20,0x43,0x6f,0x72
  db 0x72,0x75,0x70,0x74,0x65,0x64,0x00,0x67,0x65,0x74,0x20,0x69,0x6e,0x66,0x00,0x4e
  db 0x41,0x4d,0x45,0x20,0x4d,0x49,0x53,0x4d,0x41,0x54,0x43,0x48,0x20,0x4f,0x4e,0x20
  db 0x55,0x53,0x45,0x52,0x53,0x2e,0x49,0x4e,0x46,0x20,0x52,0x45,0x43,0x4f,0x52,0x44
  db 0x00,0x55,0x4e,0x41,0x42,0x4c,0x45,0x20,0x54,0x4f,0x20,0x52,0x45,0x41,0x44,0x20
  db 0x55,0x53,0x45,0x52,0x53,0x2e,0x49,0x4e,0x46,0x20,0x52,0x45,0x43,0x4f,0x52,0x44
  db 0x00,0x53,0x59,0x53,0x4f,0x50,0x00,0x2c,0x20,0x00,0x00,0x00,0x0d,0x0a,0x00,0x53
  db 0x79,0x73,0x6f,0x70,0x00,0x00,0x00,0x00,0x4c,0x50,0x54,0x78,0x00,0x00,0x00,0x00
  db 0x08,0x2d,0x05,0x00,0x0a,0x2d,0x05,0x00,0x2e,0x00,0x08,0x20,0x08,0x00,0x41,0x43
  db 0x54,0x00,0x07,0x00,0x1b,0x5b,0x32,0x4a,0x1b,0x5b,0x48,0x00,0x0c,0x00,0x0d,0x0a
  db 0x00,0x1b,0x5b,0x25,0x64,0x44,0x1b,0x5b,0x4b,0x00,0x1b,0x5b,0x25,0x64,0x44,0x00
  db 0x1b,0x5b,0x25,0x64,0x43,0x00,0x1b,0x20,0x46,0x08,0x20,0x08,0x08,0x20,0x08,0x08
  db 0x20,0x08,0x1b,0x5b,0x36,0x6e,0x08,0x20,0x08,0x08,0x20,0x08,0x08,0x20,0x08,0x08
  db 0x20,0x08,0x00,0x1b,0x5b,0x25,0x64,0x3b,0x25,0x64,0x48,0x00,0x00,0x00,0x00,0x00
  db 0x00,0x00,0x00,0x00,0x25,0x73,0x25,0x73,0x52,0x25,0x73,0x00,0x25,0x73,0x25,0x73
  db 0x47,0x25,0x73,0x00,0x25,0x73,0x25,0x73,0x25,0x73,0x00,0x25,0x73,0x25,0x73,0x52
  db 0x00,0x25,0x73,0x25,0x73,0x47,0x00,0x2a,0x2e,0x2a,0x00,0x28,0x25,0x73,0x29,0x20
  db 0x69,0x73,0x20,0x6d,0x69,0x73,0x73,0x69,0x6e,0x67,0x21,0x00,0x24,0x00,0x00,0x00
  db 0x00,0x00,0x00,0x00,0x00,0x00,0x2e,0x00,0x00,0x20,0x27,0x00,0x00,0x00,0x00,0x00
  db 0x00,0x00,0x00,0x00,0x00,0x02,0x00,0x00,0x05,0x00,0x00,0x08,0x09,0x0a,0x00,0x00
  db 0x15,0x16,0x17,0x00,0x18,0x00,0x19,0x00,0x1a,0x1b,0x1c,0x1d,0x1e,0x00,0x00,0x00
  db 0x00,0xfe,0x08,0x00,0x45,0x52,0x52,0x4f,0x52,0x3a,0x20,0x4b,0x62,0x64,0x20,0x54
  db 0x69,0x6d,0x65,0x64,0x20,0x4f,0x75,0x74,0x20,0x2d,0x20,0x46,0x6f,0x72,0x63,0x65
  db 0x64,0x20,0x52,0x65,0x63,0x79,0x63,0x6c,0x65,0x00,0x00,0x00,0x00,0x00,0x00,0x00
  db 0x17,0x05,0x12,0x00,0x13,0x00,0x04,0x00,0x10,0x18,0x03,0x16,0x07,0x00,0x00,0x00
  db 0x00,0x00,0x00,0x00,0x00,0x00,0x00,0x00,0x00,0x00,0x00,0x00,0x00,0x00,0x00,0x00
  db 0x00,0x00,0x00,0x00,0x00,0x00,0x00,0x00,0x00,0x00,0x00,0x00,0x01,0x06,0x0b,0x20
  db 0x2c,0x2e,0x3b,0x3a,0x21,0x3f,0x00,0x20,0x00,0x2e,0x00,0x20,0x28,0x00,0x29,0x00
  db 0x1b,0x5b,0x43,0x00,0x08,0x00,0x1b,0x5b,0x44,0x00,0x00,0x00,0x00,0x00,0x00,0x00
  db 0x25,0x73,0x25,0x64,0x00,0x43,0x61,0x6e,0x27,0x74,0x20,0x63,0x72,0x65,0x61,0x74
  db 0x65,0x20,0x63,0x61,0x6c,0x6c,0x65,0x72,0x20,0x6c,0x6f,0x67,0x3a,0x20,0x5b,0x25
  db 0x73,0x5d,0x00,0x25,0x2d,0x2a,0x2e,0x2a,0x73,0x20,0x25,0x35,0x6c,0x64,0x73,0x00
  db 0x00,0x00,0x00,0x00,0x00,0x00,0x00,0x00,0x00,0x00,0x00,0x00,0x00,0x00,0x00,0x00
  db 0x45,0x72,0x72,0x6f,0x72,0x20,0x69,0x6e,0x20,0x62,0x6d,0x61,0x6c,0x6c,0x6f,0x63
  db 0x28,0x29,0x20,0x2d,0x20,0x49,0x4e,0x43,0x52,0x45,0x41,0x53,0x45,0x20,0x42,0x4d
  db 0x41,0x4c,0x4c,0x4f,0x43,0x00,0x45,0x72,0x72,0x6f,0x72,0x20,0x69,0x6e,0x20,0x66
  db 0x62,0x6d,0x61,0x6c,0x6c,0x6f,0x63,0x28,0x29,0x20,0x2d,0x20,0x49,0x4e,0x43,0x52
  db 0x45,0x41,0x53,0x45,0x20,0x46,0x42,0x4d,0x41,0x4c,0x4c,0x4f,0x43,0x00,0x00,0x00
  db 0x25,0x73,0x20,0x28,0x25,0x75,0x29,0x00,0x01,0x00,0x00,0x00,0x00,0x00,0x00,0x00
  db 0x00,0x00,0x00,0x00,0xf8,0x2e,0x05,0x00,0x78,0x3a,0x5c,0x43,0x4f,0x4e,0x46,0x49
  db 0x47,0x2e,0x53,0x59,0x53,0x00,0x53,0x48,0x45,0x4c,0x4c,0x3d,0x00,0x43,0x4f,0x4d
  db 0x4d,0x41,0x4e,0x44,0x2e,0x43,0x4f,0x4d,0x00,0x2f,0x43,0x4f,0x4d,0x00,0x43,0x4f
  db 0x4d,0x25,0x64,0x3a,0x00,0x2f,0x49,0x52,0x51,0x3a,0x00,0x2f,0x42,0x41,0x53,0x45
  db 0x3a,0x00,0x2f,0x4f,0x53,0x00,0x2f,0x50,0x4f,0x52,0x54,0x00,0x50,0x4f,0x52,0x54
  db 0x25,0x64,0x00,0x2f,0x42,0x41,0x55,0x44,0x3a,0x00,0x2f,0x48,0x41,0x4e,0x44,0x4c
  db 0x45,0x3a,0x00,0x50,0x43,0x42,0x48,0x41,0x4e,0x44,0x4c,0x45,0x00,0x2f,0x4e,0x4d
  db 0x54,0x00,0x2f,0x43,0x4f,0x4c,0x4f,0x52,0x00,0x2f,0x4d,0x4f,0x4e,0x4f,0x00,0x2f
  db 0x4f,0x4c,0x44,0x49,0x4e,0x44,0x45,0x58,0x00,0x2f,0x4e,0x4f,0x44,0x45,0x3a,0x00
  db 0x2f,0x4e,0x4f,0x47,0x49,0x56,0x45,0x55,0x50,0x00,0x43,0x4f,0x4d,0x53,0x50,0x45
  db 0x43,0x00,0x43,0x4d,0x44,0x2e,0x45,0x58,0x45,0x00,0x50,0x43,0x42,0x44,0x4f,0x53
  db 0x2e,0x4f,0x53,0x32,0x00,0x50,0x43,0x42,0x44,0x41,0x54,0x00,0x50,0x43,0x42,0x4f
  db 0x41,0x52,0x44,0x2e,0x44,0x41,0x54,0x00,0x43,0x61,0x6e,0x27,0x74,0x20,0x66,0x69
  db 0x6e,0x64,0x20,0x70,0x63,0x62,0x6f,0x61,0x72,0x64,0x2e,0x64,0x61,0x74,0x00,0x50
  db 0x43,0x42,0x44,0x52,0x49,0x56,0x45,0x00,0x50,0x43,0x42,0x44,0x49,0x52,0x00,0x50
  db 0x43,0x42,0x00,0x50,0x43,0x42,0x4e,0x4f,0x44,0x45,0x00,0x00,0x00,0x00,0x00,0x00
  db 0x44,0x34,0x05,0x00,0x04,0x00,0x00,0x00,0x45,0x34,0x05,0x00,0x07,0x00,0x00,0x00
  db 0x4b,0x34,0x05,0x00,0x03,0x00,0x00,0x00,0x54,0x34,0x05,0x00,0x04,0x00,0x00,0x00
  db 0x59,0x34,0x05,0x00,0x08,0x00,0x00,0x00,0x5f,0x34,0x05,0x00,0x02,0x00,0x00,0x00
  db 0x69,0x34,0x05,0x00,0x09,0x00,0x00,0x00,0x6d,0x34,0x05,0x00,0x08,0x00,0x00,0x00
  db 0x78,0x34,0x05,0x00,0x08,0x00,0x00,0x00,0x82,0x34,0x05,0x00,0x08,0x00,0x00,0x00
  db 0x8c,0x34,0x05,0x00,0x06,0x00,0x00,0x00,0x96,0x34,0x05,0x00,0x03,0x00,0x00,0x00
  db 0x9e,0x34,0x05,0x00,0x05,0x00,0x00,0x00,0xa3,0x34,0x05,0x00,0x02,0x00,0x00,0x00
  db 0xaa,0x34,0x05,0x00,0x07,0x00,0x00,0x00,0xae,0x34,0x05,0x00,0x06,0x00,0x00,0x00
  db 0xb7,0x34,0x05,0x00,0x07,0x00,0x00,0x00,0xbf,0x34,0x05,0x00,0x06,0x00,0x00,0x00
  db 0xc8,0x34,0x05,0x00,0x08,0x00,0x00,0x00,0xd0,0x34,0x05,0x00,0x07,0x00,0x00,0x00
  db 0xda,0x34,0x05,0x00,0x08,0x00,0x00,0x00,0xe3,0x34,0x05,0x00,0x08,0x00,0x00,0x00
  db 0xed,0x34,0x05,0x00,0x07,0x00,0x00,0x00,0xf7,0x34,0x05,0x00,0x04,0x00,0x00,0x00
  db 0x00,0x35,0x05,0x00,0x06,0x00,0x00,0x00,0x06,0x35,0x05,0x00,0x05,0x00,0x00,0x00
  db 0x0e,0x35,0x05,0x00,0x06,0x00,0x00,0x00,0x15,0x35,0x05,0x00,0x06,0x00,0x00,0x00
  db 0x1d,0x35,0x05,0x00,0x03,0x00,0x00,0x00,0x25,0x35,0x05,0x00,0x04,0x00,0x00,0x00
  db 0x2a,0x35,0x05,0x00,0x06,0x00,0x00,0x00,0x30,0x35,0x05,0x00,0x06,0x00,0x00,0x00
  db 0x38,0x35,0x05,0x00,0x05,0x00,0x00,0x00,0x40,0x35,0x05,0x00,0x05,0x00,0x00,0x00
  db 0x47,0x35,0x05,0x00,0x09,0x00,0x00,0x00,0x4e,0x35,0x05,0x00,0x08,0x00,0x00,0x00
  db 0x59,0x35,0x05,0x00,0x05,0x00,0x00,0x00,0x63,0x35,0x05,0x00,0x04,0x00,0x00,0x00
  db 0x6a,0x35,0x05,0x00,0x03,0x00,0x00,0x00,0xba,0x34,0x05,0x00,0x08,0x00,0x00,0x00
  db 0x70,0x35,0x05,0x00,0x08,0x00,0x00,0x00,0x7a,0x35,0x05,0x00,0x09,0x00,0x00,0x00
  db 0x84,0x35,0x05,0x00,0x04,0x00,0x00,0x00,0x8f,0x35,0x05,0x00,0x05,0x00,0x00,0x00
  db 0x95,0x35,0x05,0x00,0x05,0x00,0x00,0x00,0x9c,0x35,0x05,0x00,0x06,0x00,0x00,0x00
  db 0xa3,0x35,0x05,0x00,0x0d,0x00,0x00,0x00,0xab,0x35,0x05,0x00,0x0f,0x00,0x00,0x00
  db 0xba,0x35,0x05,0x00,0x09,0x00,0x00,0x00,0xcb,0x35,0x05,0x00,0x09,0x00,0x00,0x00
  db 0xd6,0x35,0x05,0x00,0x02,0x00,0x00,0x00,0xe1,0x35,0x05,0x00,0x06,0x00,0x00,0x00
  db 0xe5,0x35,0x05,0x00,0x06,0x00,0x00,0x00,0xed,0x35,0x05,0x00,0x08,0x00,0x00,0x00
  db 0xf5,0x35,0x05,0x00,0x07,0x00,0x00,0x00,0xff,0x35,0x05,0x00,0x07,0x00,0x00,0x00
  db 0x08,0x36,0x05,0x00,0x06,0x00,0x00,0x00,0x11,0x36,0x05,0x00,0x03,0x00,0x00,0x00
  db 0x4f,0x34,0x05,0x00,0x06,0x00,0x00,0x00,0x19,0x36,0x05,0x00,0x06,0x00,0x00,0x00
  db 0x21,0x36,0x05,0x00,0x05,0x00,0x00,0x00,0x29,0x36,0x05,0x00,0x03,0x00,0x00,0x00
  db 0xb5,0x35,0x05,0x00,0x05,0x00,0x00,0x00,0x30,0x36,0x05,0x00,0x07,0x00,0x00,0x00
  db 0x37,0x36,0x05,0x00,0x06,0x00,0x00,0x00,0x40,0x36,0x05,0x00,0x05,0x00,0x00,0x00
  db 0x48,0x36,0x05,0x00,0x09,0x00,0x00,0x00,0x4f,0x36,0x05,0x00,0x07,0x00,0x00,0x00
  db 0x5a,0x36,0x05,0x00,0x05,0x00,0x00,0x00,0x63,0x36,0x05,0x00,0x04,0x00,0x00,0x00
  db 0x6a,0x36,0x05,0x00,0x03,0x00,0x00,0x00,0x70,0x36,0x05,0x00,0x02,0x00,0x00,0x00
  db 0x75,0x36,0x05,0x00,0x02,0x00,0x00,0x00,0x79,0x36,0x05,0x00,0x05,0x00,0x00,0x00
  db 0x7d,0x36,0x05,0x00,0x06,0x00,0x00,0x00,0x84,0x36,0x05,0x00,0x06,0x00,0x00,0x00
  db 0x8c,0x36,0x05,0x00,0x06,0x00,0x00,0x00,0x94,0x36,0x05,0x00,0x03,0x00,0x00,0x00
  db 0x9c,0x36,0x05,0x00,0x02,0x00,0x00,0x00,0xa1,0x36,0x05,0x00,0x09,0x00,0x00,0x00
  db 0xa5,0x36,0x05,0x00,0x09,0x00,0x00,0x00,0xb0,0x36,0x05,0x00,0x05,0x00,0x00,0x00
  db 0xbb,0x36,0x05,0x00,0x03,0x00,0x00,0x00,0xc2,0x36,0x05,0x00,0x03,0x00,0x00,0x00
  db 0xc7,0x36,0x05,0x00,0x05,0x00,0x00,0x00,0xcc,0x36,0x05,0x00,0x05,0x00,0x00,0x00
  db 0xd3,0x36,0x05,0x00,0x03,0x00,0x00,0x00,0xda,0x36,0x05,0x00,0x07,0x00,0x00,0x00
  db 0xdf,0x36,0x05,0x00,0x05,0x00,0x00,0x00,0xe8,0x36,0x05,0x00,0x06,0x00,0x00,0x00
  db 0xef,0x36,0x05,0x00,0x06,0x00,0x00,0x00,0xf7,0x36,0x05,0x00,0x07,0x00,0x00,0x00
  db 0xff,0x36,0x05,0x00,0x06,0x00,0x00,0x00,0x08,0x37,0x05,0x00,0x08,0x00,0x00,0x00
  db 0x10,0x37,0x05,0x00,0x07,0x00,0x00,0x00,0x1a,0x37,0x05,0x00,0x07,0x00,0x00,0x00
  db 0x23,0x37,0x05,0x00,0x08,0x00,0x00,0x00,0x2c,0x37,0x05,0x00,0x06,0x00,0x00,0x00
  db 0x36,0x37,0x05,0x00,0x06,0x00,0x00,0x00,0x3e,0x37,0x05,0x00,0x03,0x00,0x00,0x00
  db 0x46,0x37,0x05,0x00,0x03,0x00,0x00,0x00,0x4b,0x37,0x05,0x00,0x02,0x00,0x00,0x00
  db 0x50,0x37,0x05,0x00,0x03,0x00,0x00,0x00,0x54,0x37,0x05,0x00,0x02,0x00,0x00,0x00
  db 0x59,0x37,0x05,0x00,0x06,0x00,0x00,0x00,0x5d,0x37,0x05,0x00,0x09,0x00,0x00,0x00
  db 0x65,0x37,0x05,0x00,0xff,0xff,0xff,0xff,0xff,0xff,0xff,0xff,0xff,0xff,0xff,0xff
  db 0xff,0xff,0xff,0xff,0xff,0xff,0xff,0xff,0xff,0xff,0xff,0xff,0xff,0xff,0xff,0xff
  db 0xff,0xff,0xff,0xff,0xff,0xff,0xff,0xff,0xff,0xff,0xff,0xff,0xff,0xff,0xff,0xff
  db 0xff,0xff,0xff,0xff,0x00,0x01,0x02,0x03,0x04,0x05,0x06,0x07,0x08,0x09,0xff,0xff
  db 0xff,0xff,0xff,0xff,0xff,0x0a,0x0b,0x0c,0x0d,0x0e,0x0f,0xff,0xff,0xff,0xff,0xff
  db 0xff,0xff,0xff,0xff,0xff,0xff,0xff,0xff,0xff,0xff,0xff,0xff,0xff,0xff,0xff,0xff
  db 0xff,0xff,0xff,0xff,0xff,0xff,0xff,0xff,0xff,0xff,0xff,0xff,0xff,0xff,0xff,0xff
  db 0xff,0xff,0xff,0xff,0xff,0xff,0xff,0xff,0xff,0xff,0xff,0xff,0xff,0xff,0xff,0xff
  db 0xff,0xff,0xff,0xff,0xff,0xff,0xff,0xff,0xff,0xff,0xff,0xff,0xff,0xff,0xff,0xff
  db 0xff,0xff,0xff,0xff,0xff,0xff,0xff,0xff,0xff,0xff,0xff,0xff,0xff,0xff,0xff,0xff
  db 0xff,0xff,0xff,0xff,0xff,0xff,0xff,0xff,0xff,0xff,0xff,0xff,0xff,0xff,0xff,0xff
  db 0xff,0xff,0xff,0xff,0xff,0xff,0xff,0xff,0xff,0xff,0xff,0xff,0xff,0xff,0xff,0xff
  db 0xff,0xff,0xff,0xff,0xff,0xff,0xff,0xff,0xff,0xff,0xff,0xff,0xff,0xff,0xff,0xff
  db 0xff,0xff,0xff,0xff,0xff,0xff,0xff,0xff,0xff,0xff,0xff,0xff,0xff,0xff,0xff,0xff
  db 0xff,0xff,0xff,0xff,0xff,0xff,0xff,0xff,0xff,0xff,0xff,0xff,0xff,0xff,0xff,0xff
  db 0xff,0xff,0xff,0xff,0xff,0xff,0xff,0xff,0xff,0xff,0xff,0xff,0xff,0xff,0xff,0xff
  db 0xff,0xff,0xff,0xff,0x00,0x41,0x4c,0x49,0x41,0x53,0x00,0x41,0x55,0x54,0x4f,0x4d
  db 0x4f,0x52,0x45,0x00,0x42,0x45,0x45,0x50,0x00,0x42,0x49,0x43,0x50,0x53,0x00,0x42
  db 0x4f,0x41,0x52,0x44,0x4e,0x41,0x4d,0x45,0x00,0x42,0x50,0x53,0x00,0x42,0x59,0x54
  db 0x45,0x43,0x52,0x45,0x44,0x49,0x54,0x00,0x42,0x59,0x54,0x45,0x4c,0x49,0x4d,0x49
  db 0x54,0x00,0x42,0x59,0x54,0x45,0x52,0x41,0x54,0x49,0x4f,0x00,0x42,0x59,0x54,0x45
  db 0x53,0x4c,0x45,0x46,0x54,0x00,0x43,0x41,0x52,0x52,0x49,0x45,0x52,0x00,0x43,0x49
  db 0x54,0x59,0x00,0x43,0x4c,0x52,0x45,0x4f,0x4c,0x00,0x43,0x4c,0x53,0x00,0x43,0x4f
  db 0x4e,0x46,0x4e,0x41,0x4d,0x45,0x00,0x43,0x4f,0x4e,0x46,0x4e,0x55,0x4d,0x00,0x43
  db 0x52,0x45,0x44,0x4c,0x45,0x46,0x54,0x00,0x43,0x52,0x45,0x44,0x4e,0x4f,0x57,0x00
  db 0x43,0x52,0x45,0x44,0x53,0x54,0x41,0x52,0x54,0x00,0x43,0x52,0x45,0x44,0x55,0x53
  db 0x45,0x44,0x00,0x43,0x55,0x52,0x4d,0x53,0x47,0x4e,0x55,0x4d,0x00,0x44,0x41,0x54
  db 0x41,0x50,0x48,0x4f,0x4e,0x45,0x00,0x44,0x41,0x59,0x42,0x59,0x54,0x45,0x53,0x00
  db 0x44,0x45,0x4c,0x41,0x59,0x00,0x44,0x49,0x52,0x4e,0x41,0x4d,0x45,0x00,0x44,0x49
  db 0x52,0x4e,0x55,0x4d,0x00,0x44,0x4c,0x42,0x59,0x54,0x45,0x53,0x00,0x44,0x4c,0x46
  db 0x49,0x4c,0x45,0x53,0x00,0x45,0x4e,0x56,0x3d,0x00,0x45,0x56,0x45,0x4e,0x54,0x00
  db 0x45,0x58,0x50,0x44,0x41,0x54,0x45,0x00,0x45,0x58,0x50,0x44,0x41,0x59,0x53,0x00
  db 0x46,0x42,0x59,0x54,0x45,0x53,0x00,0x46,0x46,0x49,0x4c,0x45,0x53,0x00,0x46,0x49
  db 0x4c,0x45,0x43,0x52,0x45,0x44,0x49,0x54,0x00,0x46,0x49,0x4c,0x45,0x52,0x41,0x54
  db 0x49,0x4f,0x00,0x46,0x49,0x52,0x53,0x54,0x55,0x00,0x46,0x49,0x52,0x53,0x54,0x00
  db 0x46,0x52,0x45,0x45,0x53,0x50,0x41,0x43,0x45,0x00,0x48,0x4f,0x4d,0x45,0x50,0x48
  db 0x4f,0x4e,0x45,0x00,0x48,0x49,0x47,0x48,0x4d,0x53,0x47,0x4e,0x55,0x4d,0x00,0x49
  db 0x4e,0x41,0x4d,0x45,0x00,0x49,0x4e,0x43,0x4f,0x4e,0x46,0x00,0x4b,0x42,0x4c,0x45
  db 0x46,0x54,0x00,0x4b,0x42,0x4c,0x49,0x4d,0x49,0x54,0x00,0x4c,0x41,0x53,0x54,0x43
  db 0x41,0x4c,0x4c,0x45,0x52,0x4e,0x4f,0x44,0x45,0x00,0x4c,0x41,0x53,0x54,0x43,0x41
  db 0x4c,0x4c,0x45,0x52,0x53,0x59,0x53,0x54,0x45,0x4d,0x00,0x4c,0x41,0x53,0x54,0x44
  db 0x41,0x54,0x45,0x4f,0x4e,0x00,0x4c,0x41,0x53,0x54,0x54,0x49,0x4d,0x45,0x4f,0x4e
  db 0x00,0x4c,0x4d,0x52,0x00,0x4c,0x4f,0x47,0x44,0x41,0x54,0x45,0x00,0x4c,0x4f,0x47
  db 0x54,0x49,0x4d,0x45,0x00,0x4c,0x4f,0x57,0x4d,0x53,0x47,0x4e,0x55,0x4d,0x00,0x4d
  db 0x41,0x58,0x42,0x59,0x54,0x45,0x53,0x00,0x4d,0x41,0x58,0x46,0x49,0x4c,0x45,0x53
  db 0x00,0x4d,0x49,0x4e,0x4c,0x45,0x46,0x54,0x00,0x4d,0x53,0x47,0x4c,0x45,0x46,0x54
  db 0x00,0x4d,0x53,0x47,0x52,0x45,0x41,0x44,0x00,0x4e,0x4f,0x43,0x48,0x41,0x52,0x00
  db 0x4e,0x55,0x4d,0x42,0x4c,0x54,0x00,0x4e,0x55,0x4d,0x43,0x41,0x4c,0x4c,0x53,0x00
  db 0x4e,0x55,0x4d,0x43,0x4f,0x4e,0x46,0x00,0x4e,0x55,0x4d,0x44,0x49,0x52,0x00,0x4e
  db 0x55,0x4d,0x54,0x49,0x4d,0x45,0x53,0x4f,0x4e,0x00,0x4f,0x46,0x46,0x48,0x4f,0x55
  db 0x52,0x53,0x00,0x4f,0x50,0x54,0x45,0x58,0x54,0x00,0x50,0x41,0x55,0x53,0x45,0x00
  db 0x50,0x4f,0x46,0x46,0x00,0x50,0x4f,0x4e,0x00,0x50,0x4f,0x53,0x00,0x50,0x52,0x4f
  db 0x4c,0x54,0x52,0x00,0x50,0x52,0x4f,0x44,0x45,0x53,0x43,0x00,0x50,0x57,0x58,0x44
  db 0x41,0x54,0x45,0x00,0x50,0x57,0x58,0x44,0x41,0x59,0x53,0x00,0x51,0x4f,0x46,0x46
  db 0x00,0x51,0x4f,0x4e,0x00,0x52,0x41,0x54,0x49,0x4f,0x42,0x59,0x54,0x45,0x53,0x00
  db 0x52,0x41,0x54,0x49,0x4f,0x46,0x49,0x4c,0x45,0x53,0x00,0x52,0x42,0x59,0x54,0x45
  db 0x53,0x00,0x52,0x43,0x50,0x53,0x00,0x52,0x45,0x41,0x4c,0x00,0x52,0x46,0x49,0x4c
  db 0x45,0x53,0x00,0x53,0x42,0x59,0x54,0x45,0x53,0x00,0x53,0x43,0x50,0x53,0x00,0x53
  db 0x45,0x43,0x55,0x52,0x49,0x54,0x59,0x00,0x53,0x46,0x49,0x4c,0x45,0x53,0x00,0x53
  db 0x59,0x53,0x44,0x41,0x54,0x45,0x00,0x53,0x59,0x53,0x4f,0x50,0x49,0x4e,0x00,0x53
  db 0x59,0x53,0x4f,0x50,0x4f,0x55,0x54,0x00,0x53,0x59,0x53,0x54,0x49,0x4d,0x45,0x00
  db 0x54,0x49,0x4d,0x45,0x4c,0x49,0x4d,0x49,0x54,0x00,0x54,0x49,0x4d,0x45,0x4c,0x45
  db 0x46,0x54,0x00,0x54,0x49,0x4d,0x45,0x55,0x53,0x45,0x44,0x00,0x54,0x4f,0x54,0x41
  db 0x4c,0x54,0x49,0x4d,0x45,0x00,0x55,0x50,0x42,0x59,0x54,0x45,0x53,0x00,0x55,0x50
  db 0x46,0x49,0x4c,0x45,0x53,0x00,0x55,0x53,0x45,0x52,0x00,0x57,0x41,0x49,0x54,0x00
  db 0x57,0x48,0x4f,0x00,0x58,0x4f,0x46,0x46,0x00,0x58,0x4f,0x4e,0x00,0x59,0x45,0x53
  db 0x43,0x48,0x41,0x52,0x00,0x4c,0x41,0x53,0x54,0x45,0x4e,0x54,0x52,0x59,0x00,0x00
  db 0x00,0x00,0x00,0x00,0x1b,0x5b,0x25,0x64,0x3b,0x25,0x64,0x48,0x00,0x00,0x00,0x00
  db 0x50,0x43,0x42,0x44,0x4f,0x53,0x20,0x00,0x2e,0x42,0x41,0x54,0x00,0x2e,0x4f,0x53
  db 0x32,0x00,0x2f,0x63,0x20,0x25,0x73,0x20,0x25,0x73,0x00,0x53,0x68,0x65,0x6c,0x6c
  db 0x69,0x6e,0x67,0x20,0x6f,0x75,0x74,0x20,0x74,0x6f,0x3a,0x20,0x25,0x73,0x20,0x25
  db 0x73,0x00,0x50,0x43,0x42,0x53,0x68,0x65,0x6c,0x6c,0x20,0x28,0x4e,0x6f,0x64,0x65
  db 0x20,0x25,0x64,0x29,0x00,0x43,0x4f,0x4d,0x53,0x50,0x45,0x43,0x3a,0x20,0x25,0x73
  db 0x00,0x53,0x68,0x65,0x6c,0x6c,0x3a,0x20,0x25,0x73,0x00,0x44,0x4f,0x53,0x20,0x53
  db 0x65,0x74,0x74,0x69,0x6e,0x67,0x73,0x20,0x46,0x69,0x6c,0x65,0x3a,0x20,0x25,0x73
  db 0x00,0x53,0x68,0x65,0x6c,0x6c,0x3a,0x20,0x25,0x73,0x20,0x25,0x73,0x00,0x41,0x72
  db 0x67,0x75,0x6d,0x65,0x6e,0x74,0x20,0x6c,0x69,0x73,0x74,0x20,0x74,0x6f,0x6f,0x20
  db 0x6c,0x6f,0x6e,0x67,0x00,0x49,0x6e,0x76,0x61,0x6c,0x69,0x64,0x20,0x61,0x72,0x67
  db 0x75,0x6d,0x65,0x6e,0x74,0x00,0x50,0x61,0x74,0x68,0x20,0x6f,0x72,0x20,0x66,0x69
  db 0x6c,0x65,0x6e,0x61,0x6d,0x65,0x20,0x6e,0x6f,0x74,0x20,0x66,0x6f,0x75,0x6e,0x64
  db 0x21,0x00,0x45,0x78,0x65,0x63,0x20,0x66,0x6f,0x72,0x6d,0x61,0x74,0x20,0x65,0x72
  db 0x72,0x6f,0x72,0x00,0x49,0x6e,0x73,0x75,0x66,0x66,0x69,0x63,0x69,0x65,0x6e,0x74
  db 0x20,0x6d,0x65,0x6d,0x6f,0x72,0x79,0x00,0x28,0x50,0x43,0x42,0x6f,0x61,0x72,0x64
  db 0x20,0x53,0x68,0x65,0x6c,0x6c,0x29,0x00,0x00,0x00,0x46,0x4c,0x4f,0x57,0x20,0x54
  db 0x49,0x4d,0x45,0x4f,0x55,0x54,0x00,0x00,0x00,0x00,0x00,0x00,0x00,0x80,0x00,0x00
  db 0xe0,0xa2,0x02,0x00,0xe3,0xa2,0x02,0x00,0xe9,0xa2,0x02,0x00,0x1e,0xa3,0x02,0x00
  db 0x70,0xa3,0x02,0x00,0x88,0xa3,0x02,0x00,0x56,0xa6,0x02,0x00,0x5c,0xa6,0x02,0x00
  db 0x7f,0xa6,0x02,0x00,0x82,0xa6,0x02,0x00,0x85,0xa6,0x02,0x00,0x88,0xa6,0x02,0x00
  db 0xbc,0xa6,0x02,0x00,0xf0,0xa6,0x02,0x00,0x24,0xa7,0x02,0x00,0x58,0xa7,0x02,0x00
  db 0x59,0xa7,0x02,0x00,0x78,0xa7,0x02,0x00,0x82,0xa7,0x02,0x00,0x8c,0xa7,0x02,0x00
  db 0x8d,0xa7,0x02,0x00,0xfd,0xa7,0x02,0x00,0x3c,0xa8,0x02,0x00,0xd7,0xa8,0x02,0x00
  db 0x6a,0xa9,0x02,0x00,0x18,0xab,0x02,0x00,0x8b,0xa9,0x02,0x00,0xf6,0xac,0x02,0x00
  db 0x4d,0x4f,0x44,0x45,0x4d,0x00,0x49,0x4e,0x42,0x59,0x54,0x45,0x00,0x43,0x6f,0x75
  db 0x6c,0x64,0x20,0x6e,0x6f,0x74,0x20,0x67,0x65,0x74,0x20,0x4f,0x53,0x2f,0x32,0x20
  db 0x64,0x72,0x69,0x76,0x65,0x72,0x20,0x69,0x6e,0x66,0x6f,0x00,0x53,0x49,0x4f,0x00
  db 0x69,0x6e,0x73,0x75,0x66,0x66,0x69,0x63,0x69,0x65,0x6e,0x74,0x20,0x6d,0x65,0x6d
  db 0x6f,0x72,0x79,0x20,0x66,0x6f,0x72,0x20,0x63,0x6f,0x6d,0x6d,0x20,0x62,0x75,0x66
  db 0x66,0x65,0x72,0x73,0x3a,0x20,0x25,0x75,0x00,0x43,0x4f,0x4d,0x25,0x64,0x00,0x55
  db 0x6e,0x61,0x62,0x6c,0x65,0x20,0x74,0x6f,0x20,0x6f,0x70,0x65,0x6e,0x20,0x4f,0x70
  db 0x65,0x72,0x61,0x74,0x69,0x6e,0x67,0x20,0x53,0x79,0x73,0x74,0x65,0x6d,0x20,0x43
  db 0x4f,0x4d,0x4d,0x20,0x50,0x6f,0x72,0x74,0x20,0x44,0x72,0x69,0x76,0x65,0x72,0x00
  db 0x28,0x25,0x73,0x29,0x20,0x69,0x73,0x20,0x6d,0x69,0x73,0x73,0x69,0x6e,0x67,0x21
  db 0x00,0x28,0x25,0x64,0x3a,0x25,0x64,0x3a,0x25,0x64,0x3a,0x25,0x64,0x29,0x20,0x45
  db 0x72,0x72,0x6f,0x72,0x20,0x25,0x73,0x20,0x46,0x69,0x6c,0x65,0x20,0x25,0x73,0x20
  db 0x28,0x25,0x73,0x29,0x00,0x2e,0x00,0x00,0x50,0x43,0x2d,0x4d,0x6f,0x64,0x65,0x6d
  db 0x3a,0x25,0x36,0x6c,0x64,0x20,0x4f,0x76,0x65,0x72,0x72,0x75,0x6e,0x3a,0x25,0x33
  db 0x75,0x20,0x50,0x61,0x72,0x69,0x74,0x79,0x20,0x20,0x3a,0x25,0x33,0x75,0x20,0x20
  db 0x49,0x6e,0x42,0x75,0x66,0x3a,0x25,0x35,0x75,0x20,0x20,0x4f,0x75,0x74,0x42,0x75
  db 0x66,0x3a,0x25,0x35,0x75,0x20,0x20,0x43,0x54,0x53,0x3a,0x25,0x73,0x00,0x75,0x70
  db 0x00,0x64,0x6e,0x00,0x4e,0x4f,0x4e,0x45,0x00,0x4f,0x53,0x2f,0x32,0x00,0x43,0x61
  db 0x72,0x72,0x69,0x65,0x72,0x20,0x3a,0x25,0x36,0x6c,0x64,0x20,0x46,0x72,0x61,0x6d
  db 0x69,0x6e,0x67,0x3a,0x25,0x33,0x75,0x20,0x45,0x72,0x72,0x43,0x6f,0x72,0x72,0x20
  db 0x3a,0x25,0x33,0x73,0x20,0x20,0x25,0x73,0x00,0x59,0x45,0x53,0x00,0x4e,0x4f,0x20
  db 0x00,0x4c,0x6f,0x63,0x61,0x6c,0x00,0x28,0x25,0x73,0x29,0x00,0x28,0x25,0x73,0x29
  db 0x20,0x25,0x73,0x20,0x2d,0x20,0x25,0x73,0x00,0x25,0x63,0x20,0x28,0x25,0x73,0x29
  db 0x20,0x20,0x53,0x65,0x63,0x28,0x25,0x75,0x29,0x3d,0x25,0x64,0x20,0x20,0x54,0x69
  db 0x6d,0x65,0x73,0x20,0x4f,0x6e,0x3d,0x25,0x75,0x20,0x20,0x55,0x70,0x3a,0x44,0x6e
  db 0x3d,0x25,0x75,0x3a,0x25,0x75,0x00,0x20,0x28,0x25,0x73,0x25,0x73,0x29,0x00,0x50
  db 0x00,0x41,0x00,0x20,0x20,0x00,0x54,0x69,0x6d,0x65,0x73,0x20,0x4f,0x6e,0x00,0x4d
  db 0x73,0x67,0x73,0x20,0x4c,0x65,0x66,0x74,0x3a,0x25,0x37,0x73,0x20,0x20,0x46,0x69
  db 0x6c,0x65,0x73,0x20,0x55,0x2f,0x4c,0x3a,0x25,0x37,0x73,0x20,0x20,0x42,0x79,0x74
  db 0x65,0x73,0x20,0x55,0x2f,0x4c,0x3a,0x25,0x31,0x32,0x73,0x00,0x4d,0x73,0x67,0x73
  db 0x20,0x52,0x65,0x61,0x64,0x3a,0x25,0x37,0x73,0x20,0x20,0x46,0x69,0x6c,0x65,0x73
  db 0x20,0x44,0x2f,0x4c,0x3a,0x25,0x37,0x73,0x20,0x20,0x42,0x79,0x74,0x65,0x73,0x20
  db 0x44,0x2f,0x4c,0x3a,0x25,0x31,0x32,0x73,0x20,0x20,0x54,0x6f,0x64,0x61,0x79,0x3a
  db 0x25,0x38,0x73,0x00,0x25,0x2d,0x31,0x33,0x2e,0x31,0x33,0x73,0x20,0x2f,0x20,0x25
  db 0x2d,0x31,0x33,0x2e,0x31,0x33,0x73,0x20,0x20,0x45,0x2f,0x44,0x3a,0x20,0x25,0x73
  db 0x20,0x20,0x50,0x2f,0x57,0x3a,0x20,0x25,0x73,0x00,0x2a,0x50,0x52,0x49,0x56,0x41
  db 0x54,0x45,0x2a,0x00,0x43,0x31,0x3a,0x20,0x25,0x2d,0x33,0x30,0x2e,0x33,0x30,0x73
  db 0x20,0x43,0x32,0x3a,0x20,0x25,0x73,0x00,0x25,0x34,0x64,0x00,0x50,0x43,0x42,0x4f
  db 0x41,0x52,0x44,0x2e,0x53,0x59,0x53,0x00,0x25,0x2d,0x35,0x6c,0x64,0x00,0x4c,0x6f
  db 0x63,0x61,0x6c,0x00,0x53,0x59,0x53,0x4f,0x50,0x00,0x57,0x41,0x52,0x4e,0x49,0x4e
  db 0x47,0x20,0x43,0x6f,0x75,0x6c,0x64,0x20,0x6e,0x6f,0x74,0x20,0x66,0x69,0x6e,0x64
  db 0x3a,0x00,0x3a,0x30,0x30,0x00,0x00,0x00,0x20,0x20,0x00,0x00,0x40,0x25,0x73,0x40
  db 0x00,0x23,0x00,0x23,0x68,0x23,0x00,0x2e,0x00,0x23,0x64,0x23,0x00,0x5f,0x00,0x23
  db 0x75,0x23,0x00,0x28,0x00,0x23,0x6c,0x23,0x00,0x29,0x00,0x23,0x72,0x23,0x00,0x2c
  db 0x00,0x23,0x6d,0x23,0x00,0x3a,0x00,0x23,0x63,0x23,0x00,0x5c,0x00,0x23,0x62,0x23
  db 0x00,0x3d,0x00,0x23,0x65,0x23,0x00,0x2f,0x00,0x23,0x73,0x23,0x00,0x3e,0x00,0x23
  db 0x6f,0x23,0x00,0x3c,0x00,0x23,0x70,0x23,0x00,0x2a,0x00,0x23,0x69,0x23,0x00,0x23
  db 0x25,0x64,0x23,0x00,0x40,0x58,0x25,0x30,0x32,0x58,0x00,0x30,0x30,0x2d,0x30,0x30
  db 0x2d,0x30,0x30,0x00,0x25,0x73,0x2d,0x25,0x73,0x00,0x00,0x00,0x00,0x00,0x00,0x00
  db 0x43,0x4f,0x4d,0x31,0x00,0x43,0x4f,0x4d,0x32,0x00,0x50,0x4f,0x52,0x54,0x00,0x31
  db 0x35,0x2e,0x30,0x00,0x2e,0x4e,0x44,0x58,0x00,0x46,0x49,0x44,0x4f,0x51,0x55,0x45
  db 0x2e,0x44,0x41,0x54,0x00,0x41,0x54,0x41,0x00,0x41,0x54,0x44,0x54,0x00,0x50,0x43
  db 0x42,0x4f,0x41,0x52,0x44,0x2e,0x44,0x41,0x54,0x00,0x55,0x6e,0x61,0x62,0x6c,0x65
  db 0x20,0x74,0x6f,0x20,0x6f,0x70,0x65,0x6e,0x20,0x50,0x43,0x42,0x4f,0x41,0x52,0x44
  db 0x2e,0x44,0x41,0x54,0x00,0x31,0x34,0x2e,0x35,0x00,0x57,0x72,0x6f,0x6e,0x67,0x20
  db 0x76,0x65,0x72,0x73,0x69,0x6f,0x6e,0x20,0x6f,0x66,0x20,0x50,0x43,0x42,0x4f,0x41
  db 0x52,0x44,0x2e,0x44,0x41,0x54,0x20,0x66,0x69,0x6c,0x65,0x00,0x45,0x78,0x69,0x74
  db 0x69,0x6e,0x67,0x20,0x74,0x6f,0x20,0x44,0x4f,0x53,0x21,0x00,0x50,0x41,0x54,0x48
  db 0x00,0x00,0x00,0x00,0x00,0x00,0x00,0x00,0x25,0x30,0x32,0x64,0x25,0x63,0x25,0x30
  db 0x32,0x64,0x25,0x63,0x25,0x30,0x32,0x64,0x00,0x00,0x00,0x00,0x00,0x00,0x00,0x00
  db 0x00,0x2d,0x00,0x00,0x00,0x00,0x00,0x00,0x0a,0x00,0x00,0x00,0x00,0x00,0x00,0x00
  db 0x25,0x30,0x32,0x64,0x3a,0x25,0x30,0x32,0x64,0x00,0x00,0x00,0x00,0x00,0x00,0x00
  db 0x4f,0x70,0x65,0x6e,0x69,0x6e,0x67,0x00,0x4f,0x70,0x65,0x6e,0x69,0x6e,0x67,0x00
  db 0x00,0x00,0x00,0x00,0x00,0x00,0x00,0x00,0x00,0x00,0x00,0x00,0x00,0x00,0x00,0x00
  db 0x4c,0x6f,0x63,0x6b,0x69,0x6e,0x67,0x00,0x4f,0x70,0x65,0x6e,0x69,0x6e,0x67,0x00
  db 0x52,0x65,0x61,0x64,0x69,0x6e,0x67,0x00,0x57,0x72,0x69,0x74,0x69,0x6e,0x67,0x00
  db 0x84,0x3e,0x05,0x00,0x8c,0x3e,0x05,0x00,0xa4,0x3e,0x05,0x00,0xb3,0x3e,0x05,0x00
  db 0xc2,0x3e,0x05,0x00,0xd6,0x3e,0x05,0x00,0xe4,0x3e,0x05,0x00,0xf4,0x3e,0x05,0x00
  db 0x09,0x3f,0x05,0x00,0x1b,0x3f,0x05,0x00,0x38,0x3f,0x05,0x00,0x4c,0x3f,0x05,0x00
  db 0x5b,0x3f,0x05,0x00,0x6f,0x3f,0x05,0x00,0x8b,0x3e,0x05,0x00,0x7c,0x3f,0x05,0x00
  db 0x8a,0x3f,0x05,0x00,0xb0,0x3f,0x05,0x00,0xc0,0x3f,0x05,0x00,0xce,0x3f,0x05,0x00
  db 0xe2,0x3f,0x05,0x00,0xef,0x3f,0x05,0x00,0xff,0x3f,0x05,0x00,0x0f,0x40,0x05,0x00
  db 0x19,0x40,0x05,0x00,0x25,0x40,0x05,0x00,0x30,0x40,0x05,0x00,0x43,0x40,0x05,0x00
  db 0x54,0x40,0x05,0x00,0x69,0x40,0x05,0x00,0x75,0x40,0x05,0x00,0x80,0x40,0x05,0x00
  db 0x90,0x40,0x05,0x00,0xa2,0x40,0x05,0x00,0xb1,0x40,0x05,0x00,0xc5,0x40,0x05,0x00
  db 0xd5,0x40,0x05,0x00,0xed,0x40,0x05,0x00,0xfb,0x40,0x05,0x00,0x1d,0x41,0x05,0x00
  db 0x3a,0x41,0x05,0x00,0x51,0x41,0x05,0x00,0x8b,0x3e,0x05,0x00,0x8b,0x3e,0x05,0x00
  db 0x8b,0x3e,0x05,0x00,0x8b,0x3e,0x05,0x00,0x8b,0x3e,0x05,0x00,0x8b,0x3e,0x05,0x00
  db 0x8b,0x3e,0x05,0x00,0x8b,0x3e,0x05,0x00,0x78,0x41,0x05,0x00,0x78,0x41,0x05,0x00
  db 0x78,0x41,0x05,0x00,0x78,0x41,0x05,0x00,0x78,0x41,0x05,0x00,0x78,0x41,0x05,0x00
  db 0x78,0x41,0x05,0x00,0x78,0x41,0x05,0x00,0x78,0x41,0x05,0x00,0x78,0x41,0x05,0x00
  db 0x78,0x41,0x05,0x00,0x78,0x41,0x05,0x00,0x78,0x41,0x05,0x00,0x78,0x41,0x05,0x00
  db 0x78,0x41,0x05,0x00,0x78,0x41,0x05,0x00,0x78,0x41,0x05,0x00,0x78,0x41,0x05,0x00
  db 0x78,0x41,0x05,0x00,0x78,0x41,0x05,0x00,0x78,0x41,0x05,0x00,0x78,0x41,0x05,0x00
  db 0x78,0x41,0x05,0x00,0x8b,0x3e,0x05,0x00,0x8b,0x3e,0x05,0x00,0x8b,0x3e,0x05,0x00
  db 0x8b,0x3e,0x05,0x00,0x8b,0x3e,0x05,0x00,0x8b,0x3e,0x05,0x00,0x8b,0x3e,0x05,0x00
  db 0x86,0x41,0x05,0x00,0x8b,0x3e,0x05,0x00,0x92,0x41,0x05,0x00,0xae,0x41,0x05,0x00
  db 0x78,0x41,0x05,0x00,0x78,0x41,0x05,0x00,0x78,0x41,0x05,0x00,0x78,0x41,0x05,0x00
  db 0x78,0x41,0x05,0x00,0x45,0x72,0x72,0x6f,0x72,0x20,0x30,0x00,0x49,0x6e,0x76,0x61
  db 0x6c,0x69,0x64,0x20,0x66,0x75,0x6e,0x63,0x74,0x69,0x6f,0x6e,0x20,0x6e,0x75,0x6d
  db 0x62,0x65,0x72,0x00,0x46,0x69,0x6c,0x65,0x20,0x6e,0x6f,0x74,0x20,0x66,0x6f,0x75
  db 0x6e,0x64,0x00,0x50,0x61,0x74,0x68,0x20,0x6e,0x6f,0x74,0x20,0x66,0x6f,0x75,0x6e
  db 0x64,0x00,0x54,0x6f,0x6f,0x20,0x6d,0x61,0x6e,0x79,0x20,0x6f,0x70,0x65,0x6e,0x20
  db 0x66,0x69,0x6c,0x65,0x73,0x00,0x41,0x63,0x63,0x65,0x73,0x73,0x20,0x64,0x65,0x6e
  db 0x69,0x65,0x64,0x00,0x42,0x61,0x64,0x20,0x66,0x69,0x6c,0x65,0x20,0x6e,0x75,0x6d
  db 0x62,0x65,0x72,0x00,0x4d,0x65,0x6d,0x6f,0x72,0x79,0x20,0x61,0x72,0x65,0x6e,0x61
  db 0x20,0x74,0x72,0x61,0x73,0x68,0x65,0x64,0x00,0x4e,0x6f,0x74,0x20,0x65,0x6e,0x6f
  db 0x75,0x67,0x68,0x20,0x6d,0x65,0x6d,0x6f,0x72,0x79,0x00,0x49,0x6e,0x76,0x61,0x6c
  db 0x69,0x64,0x20,0x6d,0x65,0x6d,0x6f,0x72,0x79,0x20,0x62,0x6c,0x6f,0x63,0x6b,0x20
  db 0x61,0x64,0x64,0x72,0x65,0x73,0x73,0x00,0x49,0x6e,0x76,0x61,0x6c,0x69,0x64,0x20
  db 0x65,0x6e,0x76,0x69,0x72,0x6f,0x6e,0x6d,0x65,0x6e,0x74,0x00,0x49,0x6e,0x76,0x61
  db 0x6c,0x69,0x64,0x20,0x66,0x6f,0x72,0x6d,0x61,0x74,0x00,0x49,0x6e,0x76,0x61,0x6c
  db 0x69,0x64,0x20,0x61,0x63,0x63,0x65,0x73,0x73,0x20,0x63,0x6f,0x64,0x65,0x00,0x49
  db 0x6e,0x76,0x61,0x6c,0x69,0x64,0x20,0x64,0x61,0x74,0x61,0x00,0x49,0x6e,0x76,0x61
  db 0x6c,0x69,0x64,0x20,0x64,0x72,0x69,0x76,0x65,0x00,0x41,0x74,0x74,0x65,0x6d,0x70
  db 0x74,0x65,0x64,0x20,0x74,0x6f,0x20,0x72,0x65,0x6d,0x6f,0x76,0x65,0x20,0x63,0x75
  db 0x72,0x72,0x65,0x6e,0x74,0x20,0x64,0x69,0x72,0x65,0x63,0x74,0x6f,0x72,0x79,0x00
  db 0x4e,0x6f,0x74,0x20,0x73,0x61,0x6d,0x65,0x20,0x64,0x65,0x76,0x69,0x63,0x65,0x00
  db 0x4e,0x6f,0x20,0x6d,0x6f,0x72,0x65,0x20,0x66,0x69,0x6c,0x65,0x73,0x00,0x57,0x72
  db 0x69,0x74,0x65,0x20,0x70,0x72,0x6f,0x74,0x65,0x63,0x74,0x20,0x66,0x61,0x75,0x6c
  db 0x74,0x00,0x55,0x6e,0x6b,0x6e,0x6f,0x77,0x6e,0x20,0x75,0x6e,0x69,0x74,0x00,0x44
  db 0x72,0x69,0x76,0x65,0x20,0x6e,0x6f,0x74,0x20,0x72,0x65,0x61,0x64,0x79,0x00,0x55
  db 0x6e,0x6b,0x6e,0x6f,0x77,0x6e,0x20,0x63,0x6f,0x6d,0x6d,0x61,0x6e,0x64,0x00,0x43
  db 0x52,0x43,0x20,0x65,0x72,0x72,0x6f,0x72,0x00,0x42,0x61,0x64,0x20,0x72,0x65,0x71
  db 0x75,0x65,0x73,0x74,0x00,0x53,0x65,0x65,0x6b,0x20,0x65,0x72,0x72,0x6f,0x72,0x00
  db 0x55,0x6e,0x6b,0x6e,0x6f,0x77,0x6e,0x20,0x6d,0x65,0x64,0x69,0x61,0x20,0x74,0x79
  db 0x70,0x65,0x00,0x53,0x65,0x63,0x74,0x6f,0x72,0x20,0x6e,0x6f,0x74,0x20,0x66,0x6f
  db 0x75,0x6e,0x64,0x00,0x50,0x72,0x69,0x6e,0x74,0x65,0x72,0x20,0x6f,0x75,0x74,0x20
  db 0x6f,0x66,0x20,0x70,0x61,0x70,0x65,0x72,0x00,0x57,0x72,0x69,0x74,0x65,0x20,0x66
  db 0x61,0x75,0x6c,0x74,0x00,0x52,0x65,0x61,0x64,0x20,0x66,0x61,0x75,0x6c,0x74,0x00
  db 0x47,0x65,0x6e,0x65,0x72,0x61,0x6c,0x20,0x66,0x61,0x69,0x6c,0x75,0x72,0x65,0x00
  db 0x53,0x68,0x61,0x72,0x69,0x6e,0x67,0x20,0x76,0x69,0x6f,0x6c,0x61,0x74,0x69,0x6f
  db 0x6e,0x00,0x4c,0x6f,0x63,0x6b,0x20,0x76,0x69,0x6f,0x6c,0x61,0x74,0x69,0x6f,0x6e
  db 0x00,0x49,0x6e,0x76,0x61,0x6c,0x69,0x64,0x20,0x64,0x69,0x73,0x6b,0x20,0x63,0x68
  db 0x61,0x6e,0x67,0x65,0x00,0x46,0x43,0x42,0x20,0x75,0x6e,0x61,0x76,0x61,0x69,0x6c
  db 0x61,0x62,0x6c,0x65,0x00,0x53,0x68,0x61,0x72,0x69,0x6e,0x67,0x20,0x62,0x75,0x66
  db 0x66,0x65,0x72,0x20,0x6f,0x76,0x65,0x72,0x66,0x6c,0x6f,0x77,0x00,0x75,0x6e,0x6b
  db 0x6e,0x6f,0x77,0x6e,0x20,0x65,0x72,0x72,0x6f,0x72,0x00,0x55,0x6e,0x61,0x62,0x6c
  db 0x65,0x20,0x74,0x6f,0x20,0x63,0x6f,0x6d,0x70,0x6c,0x65,0x74,0x65,0x20,0x66,0x69
  db 0x6c,0x65,0x20,0x6f,0x70,0x65,0x72,0x61,0x74,0x69,0x6f,0x6e,0x00,0x50,0x6f,0x73
  db 0x73,0x69,0x62,0x6c,0x65,0x20,0x64,0x69,0x73,0x6b,0x20,0x66,0x75,0x6c,0x6c,0x20
  db 0x63,0x6f,0x6e,0x64,0x69,0x74,0x69,0x6f,0x6e,0x00,0x50,0x6f,0x73,0x73,0x69,0x62
  db 0x6c,0x65,0x20,0x72,0x65,0x61,0x64,0x20,0x70,0x61,0x73,0x74,0x20,0x65,0x6f,0x66
  db 0x00,0x49,0x6e,0x73,0x75,0x66,0x66,0x69,0x63,0x69,0x65,0x6e,0x74,0x20,0x6d,0x65
  db 0x6d,0x6f,0x72,0x79,0x20,0x66,0x6f,0x72,0x20,0x66,0x69,0x6c,0x65,0x20,0x6f,0x70
  db 0x65,0x72,0x61,0x74,0x69,0x6f,0x6e,0x00,0x4e,0x65,0x74,0x77,0x6f,0x72,0x6b,0x20
  db 0x45,0x72,0x72,0x6f,0x72,0x00,0x46,0x69,0x6c,0x65,0x20,0x45,0x78,0x69,0x73,0x74
  db 0x73,0x00,0x43,0x61,0x6e,0x6e,0x6f,0x74,0x20,0x6d,0x61,0x6b,0x65,0x20,0x64,0x69
  db 0x72,0x65,0x63,0x74,0x6f,0x72,0x79,0x20,0x65,0x6e,0x74,0x72,0x79,0x00,0x46,0x61
  db 0x69,0x6c,0x20,0x6f,0x6e,0x20,0x49,0x4e,0x54,0x20,0x32,0x34,0x68,0x00,0x3a,0x20
  db 0x00,0x00,0x00,0x00,0x00,0x00,0x00,0x00,0x43,0x4f,0x4d,0x00,0x50,0x4f,0x52,0x54
  db 0x00,0x00,0x00,0x00,0x00,0x00,0x00,0x00,0x00,0x01,0x02,0x03,0x04,0x05,0x06,0x07
  db 0x08,0x09,0x0a,0x0b,0x0c,0x0d,0x0e,0x0f,0x10,0x11,0x12,0x13,0x14,0x15,0x16,0x17
  db 0x18,0x19,0x1a,0x1b,0x1c,0x1d,0x1e,0x1f,0x20,0x21,0x22,0x23,0x24,0x25,0x26,0x27
  db 0x28,0x29,0x2a,0x2b,0x2c,0x2d,0x2e,0x2f,0x30,0x31,0x32,0x33,0x34,0x35,0x36,0x37
  db 0x38,0x39,0x3a,0x3b,0x3c,0x3d,0x3e,0x3f,0x40,0x61,0x62,0x63,0x64,0x65,0x66,0x67
  db 0x68,0x69,0x6a,0x6b,0x6c,0x6d,0x6e,0x6f,0x70,0x71,0x72,0x73,0x74,0x75,0x76,0x77
  db 0x78,0x79,0x7a,0x5b,0x5c,0x5d,0x5e,0x5f,0x60,0x61,0x62,0x63,0x64,0x65,0x66,0x67
  db 0x68,0x69,0x6a,0x6b,0x6c,0x6d,0x6e,0x6f,0x70,0x71,0x72,0x73,0x74,0x75,0x76,0x77
  db 0x78,0x79,0x7a,0x7b,0x7c,0x7d,0x7e,0x7f,0x80,0x81,0x82,0x83,0x84,0x85,0x86,0x87
  db 0x88,0x89,0x8a,0x8b,0x8c,0x8d,0x8e,0x8f,0x90,0x91,0x92,0x93,0x94,0x95,0x96,0x97
  db 0x98,0x99,0x9a,0x9b,0x9c,0x9d,0x9e,0x9f,0xa0,0xa1,0xa2,0xa3,0xa4,0xa5,0xa6,0xa7
  db 0xa8,0xa9,0xaa,0xab,0xac,0xad,0xae,0xaf,0xb0,0xb1,0xb2,0xb3,0xb4,0xb5,0xb6,0xb7
  db 0xb8,0xb9,0xba,0xbb,0xbc,0xbd,0xbe,0xbf,0xc0,0xc1,0xc2,0xc3,0xc4,0xc5,0xc6,0xc7
  db 0xc8,0xc9,0xca,0xcb,0xcc,0xcd,0xce,0xcf,0xd0,0xd1,0xd2,0xd3,0xd4,0xd5,0xd6,0xd7
  db 0xd8,0xd9,0xda,0xdb,0xdc,0xdd,0xde,0xdf,0xe0,0xe1,0xe2,0xe3,0xe4,0xe5,0xe6,0xe7
  db 0xe8,0xe9,0xea,0xeb,0xec,0xed,0xee,0xef,0xf0,0xf1,0xf2,0xf3,0xf4,0xf5,0xf6,0xf7
  db 0xf8,0xf9,0xfa,0xfb,0xfc,0xfd,0xfe,0xff,0x00,0x01,0x02,0x03,0x04,0x05,0x06,0x07
  db 0x08,0x09,0x0a,0x0b,0x0c,0x0d,0x0e,0x0f,0x10,0x11,0x12,0x13,0x14,0x15,0x16,0x17
  db 0x18,0x19,0x1a,0x1b,0x1c,0x1d,0x1e,0x1f,0x20,0x21,0x22,0x23,0x24,0x25,0x26,0x27
  db 0x28,0x29,0x2a,0x2b,0x2c,0x2d,0x2e,0x2f,0x30,0x31,0x32,0x33,0x34,0x35,0x36,0x37
  db 0x38,0x39,0x3a,0x3b,0x3c,0x3d,0x3e,0x3f,0x40,0x41,0x42,0x43,0x44,0x45,0x46,0x47
  db 0x48,0x49,0x4a,0x4b,0x4c,0x4d,0x4e,0x4f,0x50,0x51,0x52,0x53,0x54,0x55,0x56,0x57
  db 0x58,0x59,0x5a,0x5b,0x5c,0x5d,0x5e,0x5f,0x60,0x41,0x42,0x43,0x44,0x45,0x46,0x47
  db 0x48,0x49,0x4a,0x4b,0x4c,0x4d,0x4e,0x4f,0x50,0x51,0x52,0x53,0x54,0x55,0x56,0x57
  db 0x58,0x59,0x5a,0x7b,0x7c,0x7d,0x7e,0x7f,0x80,0x81,0x82,0x83,0x84,0x85,0x86,0x87
  db 0x88,0x89,0x8a,0x8b,0x8c,0x8d,0x8e,0x8f,0x90,0x91,0x92,0x93,0x94,0x95,0x96,0x97
  db 0x98,0x99,0x9a,0x9b,0x9c,0x9d,0x9e,0x9f,0xa0,0xa1,0xa2,0xa3,0xa4,0xa5,0xa6,0xa7
  db 0xa8,0xa9,0xaa,0xab,0xac,0xad,0xae,0xaf,0xb0,0xb1,0xb2,0xb3,0xb4,0xb5,0xb6,0xb7
  db 0xb8,0xb9,0xba,0xbb,0xbc,0xbd,0xbe,0xbf,0xc0,0xc1,0xc2,0xc3,0xc4,0xc5,0xc6,0xc7
  db 0xc8,0xc9,0xca,0xcb,0xcc,0xcd,0xce,0xcf,0xd0,0xd1,0xd2,0xd3,0xd4,0xd5,0xd6,0xd7
  db 0xd8,0xd9,0xda,0xdb,0xdc,0xdd,0xde,0xdf,0xe0,0xe1,0xe2,0xe3,0xe4,0xe5,0xe6,0xe7
  db 0xe8,0xe9,0xea,0xeb,0xec,0xed,0xee,0xef,0xf0,0xf1,0xf2,0xf3,0xf4,0xf5,0xf6,0xf7
  db 0xf8,0xf9,0xfa,0xfb,0xfc,0xfd,0xfe,0xff,0x00,0x01,0x02,0x03,0x04,0x05,0x06,0x07
  db 0x08,0x09,0x0a,0x0b,0x0c,0x0d,0x0e,0x0f,0x10,0x11,0x12,0x13,0x14,0x15,0x16,0x17
  db 0x18,0x19,0x1a,0x1b,0x1c,0x1d,0x1e,0x1f,0x20,0x21,0x22,0x23,0x24,0x25,0x26,0x27
  db 0x28,0x29,0x2a,0x2b,0x2c,0x2d,0x2e,0x2f,0x30,0x31,0x32,0x33,0x34,0x35,0x36,0x37
  db 0x38,0x39,0x3a,0x3b,0x3c,0x3d,0x3e,0x3f,0x40,0x41,0x42,0x43,0x44,0x45,0x46,0x47
  db 0x48,0x49,0x4a,0x4b,0x4c,0x4d,0x4e,0x4f,0x50,0x51,0x52,0x53,0x54,0x55,0x56,0x57
  db 0x58,0x59,0x5a,0x5b,0x5c,0x5d,0x5e,0x5f,0x60,0x41,0x42,0x43,0x44,0x45,0x46,0x47
  db 0x48,0x49,0x4a,0x4b,0x4c,0x4d,0x4e,0x4f,0x50,0x51,0x52,0x53,0x54,0x55,0x56,0x57
  db 0x58,0x59,0x5a,0x7b,0x7c,0x7d,0x7e,0x7f,0x80,0x81,0x82,0x83,0x84,0x85,0x86,0x87
  db 0x88,0x89,0x8a,0x8b,0x8c,0x8d,0x8e,0x8f,0x90,0x91,0x92,0x93,0x94,0x95,0x96,0x97
  db 0x98,0x99,0x9a,0x9b,0x9c,0x9d,0x9e,0x9f,0xa0,0xa1,0xa2,0xa3,0xa4,0xa5,0xa6,0xa7
  db 0xa8,0xa9,0xaa,0xab,0xac,0xad,0xae,0xaf,0xb0,0xb1,0xb2,0xb3,0xb4,0xb5,0xb6,0xb7
  db 0xb8,0xb9,0xba,0xbb,0xbc,0xbd,0xbe,0xbf,0xc0,0xc1,0xc2,0xc3,0xc4,0xc5,0xc6,0xc7
  db 0xc8,0xc9,0xca,0xcb,0xcc,0xcd,0xce,0xcf,0xd0,0xd1,0xd2,0xd3,0xd4,0xd5,0xd6,0xd7
  db 0xd8,0xd9,0xda,0xdb,0xdc,0xdd,0xde,0xdf,0xe0,0xe1,0xe2,0xe3,0xe4,0xe5,0xe6,0xe7
  db 0xe8,0xe9,0xea,0xeb,0xec,0xed,0xee,0xef,0xf0,0xf1,0xf2,0xf3,0xf4,0xf5,0xf6,0xf7
  db 0xf8,0xf9,0xfa,0xfb,0xfc,0xfd,0xfe,0xff,0x43,0x55,0x45,0x41,0x41,0x41,0x41,0x43
  db 0x45,0x45,0x45,0x49,0x49,0x49,0x41,0x41,0x45,0x41,0x41,0x4f,0x4f,0x4f,0x55,0x55
  db 0x59,0x4f,0x55,0x24,0x24,0x24,0x24,0x24,0x41,0x49,0x4f,0x55,0x4e,0x4e,0xa6,0xa7
  db 0x3f,0xa9,0xaa,0xab,0xac,0x21,0x22,0x22,0x00,0x00,0x00,0x00,0x14,0x45,0x05,0x00
  db 0x1d,0x45,0x05,0x00,0x4d,0x4d,0x2d,0x44,0x44,0x2d,0x59,0x59,0x00,0x4d,0x4d,0x44
  db 0x44,0x59,0x59,0x00,0x45,0x72,0x72,0x6f,0x72,0x21,0x20,0x20,0x50,0x43,0x42,0x4d
  db 0x4c,0x2e,0x44,0x41,0x54,0x20,0x64,0x6f,0x65,0x73,0x20,0x6e,0x6f,0x74,0x20,0x63
  db 0x6f,0x6e,0x74,0x61,0x69,0x6e,0x20,0x61,0x20,0x64,0x65,0x66,0x61,0x75,0x6c,0x74
  db 0x20,0x28,0x62,0x6c,0x61,0x6e,0x6b,0x20,0x65,0x78,0x74,0x65,0x6e,0x73,0x69,0x6f
  db 0x6e,0x29,0x20,0x65,0x6e,0x74,0x72,0x79,0x2e,0x00,0x00,0x00,0x00,0x00,0x00,0x00
  db 0x54,0x4f,0x20,0x20,0x20,0x20,0x20,0x00,0x46,0x52,0x4f,0x4d,0x20,0x20,0x20,0x00
  db 0x53,0x55,0x42,0x4a,0x45,0x43,0x54,0x00,0x41,0x54,0x54,0x41,0x43,0x48,0x20,0x00
  db 0x4c,0x49,0x53,0x54,0x20,0x20,0x20,0x00,0x52,0x4f,0x55,0x54,0x45,0x20,0x20,0x00
  db 0x4f,0x52,0x49,0x47,0x49,0x4e,0x20,0x00,0x52,0x45,0x51,0x52,0x52,0x20,0x20,0x00
  db 0x41,0x43,0x4b,0x52,0x52,0x20,0x20,0x00,0x41,0x43,0x4b,0x4e,0x41,0x4d,0x45,0x00
  db 0x50,0x41,0x43,0x4b,0x4f,0x55,0x54,0x00,0x54,0x4f,0x32,0x20,0x20,0x20,0x20,0x00
  db 0x46,0x52,0x4f,0x4d,0x32,0x20,0x20,0x00,0x46,0x4f,0x52,0x57,0x41,0x52,0x44,0x00
  db 0x55,0x46,0x4f,0x4c,0x4c,0x4f,0x57,0x00,0x55,0x4e,0x45,0x57,0x53,0x47,0x52,0x00
  db 0x00,0x00,0x00,0x00,0x00,0x00,0x00,0x00,0x00,0x00,0x00,0x00,0x00,0x2e,0x49,0x44
  db 0x58,0x00,0x2e,0x4e,0x44,0x58,0x00,0x00,0x00,0x00,0x00,0x00,0x53,0x49,0x4f,0x5f
  db 0x4d,0x6f,0x64,0x65,0x5f,0x44,0x54,0x52,0x3d,0x4e,0x6f,0x20,0x43,0x68,0x61,0x6e
  db 0x67,0x65,0x20,0x61,0x74,0x20,0x4f,0x50,0x45,0x4e,0x20,0x6f,0x72,0x20,0x43,0x4c
  db 0x4f,0x53,0x45,0x00,0x43,0x4f,0x4d,0x5f,0x48,0x4f,0x4c,0x44,0x3d,0x4f,0x4e,0x00
  db 0x5c,0x51,0x55,0x45,0x55,0x45,0x53,0x5c,0x53,0x48,0x45,0x4c,0x4c,0x5c,0x25,0x73
  db 0x5c,0x25,0x64,0x00,0x5c,0x53,0x45,0x4d,0x33,0x32,0x5c,0x53,0x48,0x45,0x4c,0x4c
  db 0x5c,0x25,0x73,0x5c,0x25,0x64,0x00,0x00,0x5c,0x53,0x45,0x4d,0x33,0x32,0x5c,0x00
  db 0x25,0x73,0x25,0x78,0x00,0x77,0x31,0x03,0x00,0x37,0x30,0x03,0x00,0x93,0x2e,0x03
  db 0x00,0x00,0x00,0x00,0x00,0x00,0x00,0x00,0x00,0x00,0x00,0x00,0x41,0x62,0x6e,0x6f
  db 0x72,0x6d,0x61,0x6c,0x20,0x70,0x72,0x6f,0x67,0x72,0x61,0x6d,0x20,0x74,0x65,0x72
  db 0x6d,0x69,0x6e,0x61,0x74,0x69,0x6f,0x6e,0x00,0x00,0x00,0x00,0x00,0x00,0x00,0x00
  db 0x00,0x20,0x20,0x20,0x20,0x20,0x20,0x20,0x20,0x20,0x21,0x21,0x21,0x21,0x21,0x20
  db 0x20,0x20,0x20,0x20,0x20,0x20,0x20,0x20,0x20,0x20,0x20,0x20,0x20,0x20,0x20,0x20
  db 0x20,0x81,0x40,0x40,0x40,0x40,0x40,0x40,0x40,0x40,0x40,0x40,0x40,0x40,0x40,0x40
  db 0x40,0x12,0x12,0x12,0x12,0x12,0x12,0x12,0x12,0x12,0x12,0x40,0x40,0x40,0x40,0x40
  db 0x40,0x40,0x14,0x14,0x14,0x14,0x14,0x14,0x04,0x04,0x04,0x04,0x04,0x04,0x04,0x04
  db 0x04,0x04,0x04,0x04,0x04,0x04,0x04,0x04,0x04,0x04,0x04,0x04,0x40,0x40,0x40,0x40
  db 0x40,0x40,0x18,0x18,0x18,0x18,0x18,0x18,0x08,0x08,0x08,0x08,0x08,0x08,0x08,0x08
  db 0x08,0x08,0x08,0x08,0x08,0x08,0x08,0x08,0x08,0x08,0x08,0x08,0x40,0x40,0x40,0x40
  db 0x20,0x00,0x00,0x00,0x00,0x00,0x00,0x00,0x00,0x00,0x00,0x00,0x00,0x00,0x00,0x00
  db 0x00,0x00,0x00,0x00,0x00,0x00,0x00,0x00,0x00,0x00,0x00,0x00,0x00,0x00,0x00,0x00
  db 0x00,0x00,0x00,0x00,0x00,0x00,0x00,0x00,0x00,0x00,0x00,0x00,0x00,0x00,0x00,0x00
  db 0x00,0x00,0x00,0x00,0x00,0x00,0x00,0x00,0x00,0x00,0x00,0x00,0x00,0x00,0x00,0x00
  db 0x00,0x00,0x00,0x00,0x00,0x00,0x00,0x00,0x00,0x00,0x00,0x00,0x00,0x00,0x00,0x00
  db 0x00,0x00,0x00,0x00,0x00,0x00,0x00,0x00,0x00,0x00,0x00,0x00,0x00,0x00,0x00,0x00
  db 0x00,0x00,0x00,0x00,0x00,0x00,0x00,0x00,0x00,0x00,0x00,0x00,0x00,0x00,0x00,0x00
  db 0x00,0x00,0x00,0x00,0x00,0x00,0x00,0x00,0x00,0x00,0x00,0x00,0x00,0x00,0x00,0x00
  db 0x00,0x00,0x00,0x00,0x00,0x00,0x00,0x00,0xf0,0x3b,0x03,0x00,0xf0,0x3b,0x03,0x00
  db 0xff,0x3b,0x03,0x00,0xff,0x3b,0x03,0x00,0x70,0x72,0x69,0x6e,0x74,0x66,0x20,0x3a
  db 0x20,0x66,0x6c,0x6f,0x61,0x74,0x69,0x6e,0x67,0x20,0x70,0x6f,0x69,0x6e,0x74,0x20
  db 0x66,0x6f,0x72,0x6d,0x61,0x74,0x73,0x20,0x6e,0x6f,0x74,0x20,0x6c,0x69,0x6e,0x6b
  db 0x65,0x64,0x00,0x73,0x63,0x61,0x6e,0x66,0x20,0x3a,0x20,0x66,0x6c,0x6f,0x61,0x74
  db 0x69,0x6e,0x67,0x20,0x70,0x6f,0x69,0x6e,0x74,0x20,0x66,0x6f,0x72,0x6d,0x61,0x74
  db 0x73,0x20,0x6e,0x6f,0x74,0x20,0x6c,0x69,0x6e,0x6b,0x65,0x64,0x00,0x00,0x00,0x00
  db 0x32,0x13,0x00,0x00,0x00,0x00,0x00,0x00,0x53,0x74,0x61,0x63,0x6b,0x20,0x4f,0x76
  db 0x65,0x72,0x66,0x6c,0x6f,0x77,0x21,0x00,0x00,0x00,0x00,0x00,0x80,0x3d,0x03,0x00
  db 0x80,0x3d,0x03,0x00,0x80,0x3d,0x03,0x00,0x00,0x00,0x00,0x00,0x00,0x00,0x00,0x00
  db 0x00,0x00,0x00,0x00,0x00,0x00,0x00,0x00,0x00,0x00,0x09,0x02,0x00,0x00,0x00,0x00
  db 0x00,0x00,0x00,0x00,0x00,0x00,0x00,0x00,0x00,0x00,0x00,0x00,0x00,0x00,0x00,0x00
  db 0x00,0x00,0x0a,0x02,0x00,0x00,0x01,0x00,0x00,0x00,0x00,0x00,0x00,0x00,0x00,0x00
  db 0x00,0x00,0x00,0x00,0x00,0x00,0x00,0x00,0x00,0x00,0x02,0x02,0x00,0x00,0x02,0x00
  db 0x00,0x00,0x00,0x00,0x00,0x00,0x00,0x00,0x00,0x00,0x00,0x00,0x00,0x00,0x00,0x00
  db 0x00,0x00,0x00,0x00,0x00,0x00,0x00,0x00,0x00,0x00,0x00,0x00,0x00,0x00,0x00,0x00
  db 0x00,0x00,0x00,0x00,0x00,0x00,0x00,0x00,0x00,0x00,0x00,0x00,0x00,0x00,0x00,0x00
  db 0x00,0x00,0x00,0x00,0x00,0x00,0x00,0x00,0x00,0x00,0x00,0x00,0x00,0x00,0x00,0x00
  db 0x00,0x00,0x00,0x00,0x00,0x00,0x00,0x00,0x00,0x00,0x00,0x00,0x00,0x00,0x00,0x00
  db 0x00,0x00,0x00,0x00,0x00,0x00,0x00,0x00,0x00,0x00,0x00,0x00,0x00,0x00,0x00,0x00
  db 0x00,0x00,0x00,0x00,0x00,0x00,0x00,0x00,0x00,0x00,0x00,0x00,0x00,0x00,0x00,0x00
  db 0x00,0x00,0x00,0x00,0x00,0x00,0x00,0x00,0x00,0x00,0x00,0x00,0x00,0x00,0x00,0x00
  db 0x00,0x00,0x00,0x00,0x00,0x00,0x00,0x00,0x00,0x00,0x00,0x00,0x00,0x00,0x00,0x00
  db 0x00,0x00,0x00,0x00,0x00,0x00,0x00,0x00,0x00,0x00,0x00,0x00,0x00,0x00,0x00,0x00
  db 0x00,0x00,0x00,0x00,0x00,0x00,0x00,0x00,0x00,0x00,0x00,0x00,0x00,0x00,0x00,0x00
  db 0x00,0x00,0x00,0x00,0x00,0x00,0x00,0x00,0x00,0x00,0x00,0x00,0x00,0x00,0x00,0x00
  db 0x00,0x00,0x00,0x00,0x00,0x00,0x00,0x00,0x00,0x00,0x00,0x00,0x00,0x00,0x00,0x00
  db 0x00,0x00,0x00,0x00,0x00,0x00,0x00,0x00,0x00,0x00,0x00,0x00,0x00,0x00,0x00,0x00
  db 0x00,0x00,0x00,0x00,0x00,0x00,0x00,0x00,0x00,0x00,0x00,0x00,0x00,0x00,0x00,0x00
  db 0x00,0x00,0x00,0x00,0x00,0x00,0x00,0x00,0x00,0x00,0x00,0x00,0x00,0x00,0x00,0x00
  db 0x00,0x00,0x00,0x00,0x00,0x00,0x00,0x00,0x00,0x00,0x00,0x00,0x00,0x00,0x00,0x00
  db 0x00,0x00,0x00,0x00,0x00,0x00,0x00,0x00,0x00,0x00,0x00,0x00,0x00,0x00,0x00,0x00
  db 0x00,0x00,0x00,0x00,0x00,0x00,0x00,0x00,0x00,0x00,0x00,0x00,0x00,0x00,0x00,0x00
  db 0x00,0x00,0x00,0x00,0x00,0x00,0x00,0x00,0x00,0x00,0x00,0x00,0x00,0x00,0x00,0x00
  db 0x00,0x00,0x00,0x00,0x00,0x00,0x00,0x00,0x00,0x00,0x00,0x00,0x00,0x00,0x00,0x00
  db 0x00,0x00,0x00,0x00,0x00,0x00,0x00,0x00,0x00,0x00,0x00,0x00,0x00,0x00,0x00,0x00
  db 0x00,0x00,0x00,0x00,0x00,0x00,0x00,0x00,0x00,0x00,0x00,0x00,0x00,0x00,0x00,0x00
  db 0x00,0x00,0x00,0x00,0x00,0x00,0x00,0x00,0x00,0x00,0x00,0x00,0x00,0x00,0x00,0x00
  db 0x00,0x00,0x00,0x00,0x00,0x00,0x00,0x00,0x00,0x00,0x00,0x00,0x00,0x00,0x00,0x00
  db 0x00,0x00,0x00,0x00,0x00,0x00,0x00,0x00,0x00,0x00,0x00,0x00,0x00,0x00,0x00,0x00
  db 0x00,0x00,0x00,0x00,0x00,0x00,0x00,0x00,0x00,0x00,0x00,0x00,0x00,0x00,0x00,0x00
  db 0x00,0x00,0x00,0x00,0x00,0x00,0x00,0x00,0x00,0x00,0x00,0x00,0x00,0x00,0x00,0x00
  db 0x00,0x00,0x00,0x00,0x00,0x00,0x00,0x00,0x00,0x00,0x00,0x00,0x00,0x00,0x00,0x00
  db 0x00,0x00,0x00,0x00,0x00,0x00,0x00,0x00,0x00,0x00,0x00,0x00,0x00,0x00,0x00,0x00
  db 0x00,0x00,0x00,0x00,0x00,0x00,0x00,0x00,0x00,0x00,0x00,0x00,0x00,0x00,0x00,0x00
  db 0x00,0x00,0x00,0x00,0x00,0x00,0x00,0x00,0x00,0x00,0x00,0x00,0x00,0x00,0x00,0x00
  db 0x00,0x00,0x00,0x00,0x00,0x00,0x00,0x00,0x00,0x00,0x00,0x00,0x00,0x00,0x00,0x00
  db 0x00,0x00,0x00,0x00,0x00,0x00,0x00,0x00,0x00,0x00,0x00,0x00,0x00,0x00,0x00,0x00
  db 0x00,0x00,0x00,0x00,0x00,0x00,0x00,0x00,0x00,0x00,0x00,0x00,0x00,0x00,0x00,0x00
  db 0x00,0x00,0x00,0x00,0x00,0x00,0x00,0x00,0x00,0x00,0x00,0x00,0x00,0x00,0x00,0x00
  db 0x00,0x00,0x00,0x00,0x00,0x00,0x00,0x00,0x00,0x00,0x00,0x00,0x00,0x00,0x00,0x00
  db 0x00,0x00,0x00,0x00,0x00,0x00,0x00,0x00,0x00,0x00,0x00,0x00,0x00,0x00,0x00,0x00
  db 0x00,0x00,0x00,0x00,0x00,0x00,0x00,0x00,0x00,0x00,0x00,0x00,0x00,0x00,0x00,0x00
  db 0x00,0x00,0x00,0x00,0x00,0x00,0x00,0x00,0x00,0x00,0x00,0x00,0x00,0x00,0x00,0x00
  db 0x00,0x00,0x00,0x00,0x00,0x00,0x00,0x00,0x00,0x00,0x00,0x00,0x00,0x00,0x00,0x00
  db 0x00,0x00,0x00,0x00,0x00,0x00,0x00,0x00,0x00,0x00,0x00,0x00,0x00,0x00,0x00,0x00
  db 0x00,0x00,0x00,0x00,0x00,0x00,0x00,0x00,0x00,0x00,0x00,0x00,0x00,0x00,0x00,0x00
  db 0x00,0x00,0x00,0x00,0x00,0x00,0x00,0x00,0x00,0x00,0x00,0x00,0x00,0x00,0x00,0x00
  db 0x00,0x00,0x00,0x00,0x00,0x00,0x00,0x00,0x00,0x00,0x00,0x00,0x00,0x00,0x00,0x00
  db 0x00,0x00,0x00,0x00,0x00,0x00,0x00,0x00,0x00,0x00,0x00,0x00,0x00,0x00,0x00,0x00
  db 0x00,0x00,0x00,0x00,0x00,0x00,0x00,0x00,0x00,0x00,0x00,0x00,0x00,0x00,0x00,0x00
  db 0x00,0x00,0x00,0x00,0x00,0x00,0x00,0x00,0x00,0x00,0x00,0x00,0x00,0x00,0x00,0x00
  db 0x00,0x00,0x00,0x00,0x00,0x00,0x00,0x00,0x00,0x00,0x00,0x00,0x00,0x00,0x00,0x00
  db 0x00,0x00,0x00,0x00,0x00,0x00,0x00,0x00,0x00,0x00,0x00,0x00,0x00,0x00,0x00,0x00
  db 0x00,0x00,0x00,0x00,0x00,0x00,0x00,0x00,0x00,0x00,0x00,0x00,0x00,0x00,0x00,0x00
  db 0x00,0x00,0x00,0x00,0x00,0x00,0x00,0x00,0x00,0x00,0x00,0x00,0x00,0x00,0x00,0x00
  db 0x00,0x00,0x00,0x00,0x00,0x00,0x00,0x00,0x00,0x00,0x00,0x00,0x00,0x00,0x00,0x00
  db 0x00,0x00,0x00,0x00,0x00,0x00,0x00,0x00,0x00,0x00,0x00,0x00,0x00,0x00,0x00,0x00
  db 0x00,0x00,0x00,0x00,0x00,0x00,0x00,0x00,0x00,0x00,0x00,0x00,0x00,0x00,0x00,0x00
  db 0x00,0x00,0x00,0x00,0x00,0x00,0x00,0x00,0x28,0x00,0x00,0x00,0x00,0x60,0x00,0x00
  db 0x01,0x60,0x00,0x00,0x01,0x60,0x00,0x00,0x00,0x00,0x00,0x00,0x00,0x00,0x00,0x00
  db 0x00,0x00,0x00,0x00,0x00,0x00,0x00,0x00,0x00,0x00,0x00,0x00,0x00,0x00,0x00,0x00
  db 0x00,0x00,0x00,0x00,0x00,0x00,0x00,0x00,0x00,0x00,0x00,0x00,0x00,0x00,0x00,0x00
  db 0x00,0x00,0x00,0x00,0x00,0x00,0x00,0x00,0x00,0x00,0x00,0x00,0x00,0x00,0x00,0x00
  db 0x00,0x00,0x00,0x00,0x00,0x00,0x00,0x00,0x00,0x00,0x00,0x00,0x00,0x00,0x00,0x00
  db 0x00,0x00,0x00,0x00,0x00,0x00,0x00,0x00,0x00,0x00,0x00,0x00,0x00,0x00,0x00,0x00
  db 0x00,0x00,0x00,0x00,0x00,0x00,0x00,0x00,0x00,0x00,0x00,0x00,0x00,0x00,0x00,0x00
  db 0x00,0x00,0x00,0x00,0x00,0x00,0x00,0x00,0x00,0x00,0x00,0x00,0x00,0x00,0x00,0x00
  db 0x00,0x00,0x00,0x00,0x00,0x00,0x00,0x00,0x00,0x00,0x00,0x00,0x00,0x00,0x00,0x00
  db 0x00,0x00,0x00,0x00,0x00,0x00,0x00,0x00,0x00,0x00,0x00,0x00,0xb4,0x59,0x05,0x00
  db 0x00,0x00,0x00,0x00,0x00,0x00,0x00,0x00,0x6c,0x6f,0x63,0x6b,0x69,0x6e,0x67,0x20
  db 0x68,0x65,0x61,0x70,0x00,0x75,0x6e,0x6c,0x6f,0x63,0x6b,0x69,0x6e,0x67,0x20,0x68
  db 0x65,0x61,0x70,0x00,0x63,0x72,0x65,0x61,0x74,0x69,0x6e,0x67,0x20,0x68,0x65,0x61
  db 0x70,0x20,0x6c,0x6f,0x63,0x6b,0x00,0x00,0x00,0x00,0x00,0x00,0xb4,0x4d,0x05,0x00
  db 0xbc,0x4d,0x05,0x00,0xd4,0x4d,0x05,0x00,0xee,0x4d,0x05,0x00,0xfd,0x4d,0x05,0x00
  db 0x11,0x4e,0x05,0x00,0x23,0x4e,0x05,0x00,0x33,0x4e,0x05,0x00,0x48,0x4e,0x05,0x00
  db 0x5a,0x4e,0x05,0x00,0x77,0x4e,0x05,0x00,0x8b,0x4e,0x05,0x00,0x9a,0x4e,0x05,0x00
  db 0xae,0x4e,0x05,0x00,0xbb,0x4e,0x05,0x00,0xc7,0x4e,0x05,0x00,0xd6,0x4e,0x05,0x00
  db 0xfc,0x4e,0x05,0x00,0x0c,0x4f,0x05,0x00,0x1a,0x4f,0x05,0x00,0x2b,0x4f,0x05,0x00
  db 0x3c,0x4f,0x05,0x00,0x4e,0x4f,0x05,0x00,0x60,0x4f,0x05,0x00,0x74,0x4f,0x05,0x00
  db 0x87,0x4f,0x05,0x00,0xab,0x4f,0x05,0x00,0xc2,0x4f,0x05,0x00,0xd1,0x4f,0x05,0x00
  db 0xe9,0x4f,0x05,0x00,0xf6,0x4f,0x05,0x00,0x0c,0x50,0x05,0x00,0x1b,0x50,0x05,0x00
  db 0x27,0x50,0x05,0x00,0x35,0x50,0x05,0x00,0x46,0x50,0x05,0x00,0x5a,0x50,0x05,0x00
  db 0x6c,0x50,0x05,0x00,0x84,0x50,0x05,0x00,0x94,0x50,0x05,0x00,0xae,0x50,0x05,0x00
  db 0xc1,0x50,0x05,0x00,0xdb,0x50,0x05,0x00,0xfc,0x50,0x05,0x00,0x12,0x51,0x05,0x00
  db 0x20,0x51,0x05,0x00,0x30,0x51,0x05,0x00,0x3f,0x51,0x05,0x00,0x40,0x51,0x05,0x00
  db 0x31,0x00,0x00,0x00,0x45,0x72,0x72,0x6f,0x72,0x20,0x30,0x00,0x49,0x6e,0x76,0x61
  db 0x6c,0x69,0x64,0x20,0x66,0x75,0x6e,0x63,0x74,0x69,0x6f,0x6e,0x20,0x6e,0x75,0x6d
  db 0x62,0x65,0x72,0x00,0x4e,0x6f,0x20,0x73,0x75,0x63,0x68,0x20,0x66,0x69,0x6c,0x65
  db 0x20,0x6f,0x72,0x20,0x64,0x69,0x72,0x65,0x63,0x74,0x6f,0x72,0x79,0x00,0x50,0x61
  db 0x74,0x68,0x20,0x6e,0x6f,0x74,0x20,0x66,0x6f,0x75,0x6e,0x64,0x00,0x54,0x6f,0x6f
  db 0x20,0x6d,0x61,0x6e,0x79,0x20,0x6f,0x70,0x65,0x6e,0x20,0x66,0x69,0x6c,0x65,0x73
  db 0x00,0x50,0x65,0x72,0x6d,0x69,0x73,0x73,0x69,0x6f,0x6e,0x20,0x64,0x65,0x6e,0x69
  db 0x65,0x64,0x00,0x42,0x61,0x64,0x20,0x66,0x69,0x6c,0x65,0x20,0x6e,0x75,0x6d,0x62
  db 0x65,0x72,0x00,0x4d,0x65,0x6d,0x6f,0x72,0x79,0x20,0x61,0x72,0x65,0x6e,0x61,0x20
  db 0x74,0x72,0x61,0x73,0x68,0x65,0x64,0x00,0x4e,0x6f,0x74,0x20,0x65,0x6e,0x6f,0x75
  db 0x67,0x68,0x20,0x6d,0x65,0x6d,0x6f,0x72,0x79,0x00,0x49,0x6e,0x76,0x61,0x6c,0x69
  db 0x64,0x20,0x6d,0x65,0x6d,0x6f,0x72,0x79,0x20,0x62,0x6c,0x6f,0x63,0x6b,0x20,0x61
  db 0x64,0x64,0x72,0x65,0x73,0x73,0x00,0x49,0x6e,0x76,0x61,0x6c,0x69,0x64,0x20,0x65
  db 0x6e,0x76,0x69,0x72,0x6f,0x6e,0x6d,0x65,0x6e,0x74,0x00,0x49,0x6e,0x76,0x61,0x6c
  db 0x69,0x64,0x20,0x66,0x6f,0x72,0x6d,0x61,0x74,0x00,0x49,0x6e,0x76,0x61,0x6c,0x69
  db 0x64,0x20,0x61,0x63,0x63,0x65,0x73,0x73,0x20,0x63,0x6f,0x64,0x65,0x00,0x49,0x6e
  db 0x76,0x61,0x6c,0x69,0x64,0x20,0x64,0x61,0x74,0x61,0x00,0x42,0x61,0x64,0x20,0x61
  db 0x64,0x64,0x72,0x65,0x73,0x73,0x00,0x4e,0x6f,0x20,0x73,0x75,0x63,0x68,0x20,0x64
  db 0x65,0x76,0x69,0x63,0x65,0x00,0x41,0x74,0x74,0x65,0x6d,0x70,0x74,0x65,0x64,0x20
  db 0x74,0x6f,0x20,0x72,0x65,0x6d,0x6f,0x76,0x65,0x20,0x63,0x75,0x72,0x72,0x65,0x6e
  db 0x74,0x20,0x64,0x69,0x72,0x65,0x63,0x74,0x6f,0x72,0x79,0x00,0x4e,0x6f,0x74,0x20
  db 0x73,0x61,0x6d,0x65,0x20,0x64,0x65,0x76,0x69,0x63,0x65,0x00,0x4e,0x6f,0x20,0x6d
  db 0x6f,0x72,0x65,0x20,0x66,0x69,0x6c,0x65,0x73,0x00,0x49,0x6e,0x76,0x61,0x6c,0x69
  db 0x64,0x20,0x61,0x72,0x67,0x75,0x6d,0x65,0x6e,0x74,0x00,0x41,0x72,0x67,0x20,0x6c
  db 0x69,0x73,0x74,0x20,0x74,0x6f,0x6f,0x20,0x62,0x69,0x67,0x00,0x45,0x78,0x65,0x63
  db 0x20,0x66,0x6f,0x72,0x6d,0x61,0x74,0x20,0x65,0x72,0x72,0x6f,0x72,0x00,0x43,0x72
  db 0x6f,0x73,0x73,0x2d,0x64,0x65,0x76,0x69,0x63,0x65,0x20,0x6c,0x69,0x6e,0x6b,0x00
  db 0x54,0x6f,0x6f,0x20,0x6d,0x61,0x6e,0x79,0x20,0x6f,0x70,0x65,0x6e,0x20,0x66,0x69
  db 0x6c,0x65,0x73,0x00,0x4e,0x6f,0x20,0x63,0x68,0x69,0x6c,0x64,0x20,0x70,0x72,0x6f
  db 0x63,0x65,0x73,0x73,0x65,0x73,0x00,0x49,0x6e,0x61,0x70,0x70,0x72,0x6f,0x70,0x72
  db 0x69,0x61,0x74,0x65,0x20,0x49,0x2f,0x4f,0x20,0x63,0x6f,0x6e,0x74,0x72,0x6f,0x6c
  db 0x20,0x6f,0x70,0x65,0x72,0x61,0x74,0x69,0x6f,0x6e,0x00,0x45,0x78,0x65,0x63,0x75
  db 0x74,0x61,0x62,0x6c,0x65,0x20,0x66,0x69,0x6c,0x65,0x20,0x69,0x6e,0x20,0x75,0x73
  db 0x65,0x00,0x46,0x69,0x6c,0x65,0x20,0x74,0x6f,0x6f,0x20,0x6c,0x61,0x72,0x67,0x65
  db 0x00,0x4e,0x6f,0x20,0x73,0x70,0x61,0x63,0x65,0x20,0x6c,0x65,0x66,0x74,0x20,0x6f
  db 0x6e,0x20,0x64,0x65,0x76,0x69,0x63,0x65,0x00,0x49,0x6c,0x6c,0x65,0x67,0x61,0x6c
  db 0x20,0x73,0x65,0x65,0x6b,0x00,0x52,0x65,0x61,0x64,0x2d,0x6f,0x6e,0x6c,0x79,0x20
  db 0x66,0x69,0x6c,0x65,0x20,0x73,0x79,0x73,0x74,0x65,0x6d,0x00,0x54,0x6f,0x6f,0x20
  db 0x6d,0x61,0x6e,0x79,0x20,0x6c,0x69,0x6e,0x6b,0x73,0x00,0x42,0x72,0x6f,0x6b,0x65
  db 0x6e,0x20,0x70,0x69,0x70,0x65,0x00,0x4d,0x61,0x74,0x68,0x20,0x61,0x72,0x67,0x75
  db 0x6d,0x65,0x6e,0x74,0x00,0x52,0x65,0x73,0x75,0x6c,0x74,0x20,0x74,0x6f,0x6f,0x20
  db 0x6c,0x61,0x72,0x67,0x65,0x00,0x46,0x69,0x6c,0x65,0x20,0x61,0x6c,0x72,0x65,0x61
  db 0x64,0x79,0x20,0x65,0x78,0x69,0x73,0x74,0x73,0x00,0x50,0x6f,0x73,0x73,0x69,0x62
  db 0x6c,0x65,0x20,0x64,0x65,0x61,0x64,0x6c,0x6f,0x63,0x6b,0x00,0x4f,0x70,0x65,0x72
  db 0x61,0x74,0x69,0x6f,0x6e,0x20,0x6e,0x6f,0x74,0x20,0x70,0x65,0x72,0x6d,0x69,0x74
  db 0x74,0x65,0x64,0x00,0x4e,0x6f,0x20,0x73,0x75,0x63,0x68,0x20,0x70,0x72,0x6f,0x63
  db 0x65,0x73,0x73,0x00,0x49,0x6e,0x74,0x65,0x72,0x72,0x75,0x70,0x74,0x65,0x64,0x20
  db 0x66,0x75,0x6e,0x63,0x74,0x69,0x6f,0x6e,0x20,0x63,0x61,0x6c,0x6c,0x00,0x49,0x6e
  db 0x70,0x75,0x74,0x2f,0x6f,0x75,0x74,0x70,0x75,0x74,0x20,0x65,0x72,0x72,0x6f,0x72
  db 0x00,0x4e,0x6f,0x20,0x73,0x75,0x63,0x68,0x20,0x64,0x65,0x76,0x69,0x63,0x65,0x20
  db 0x6f,0x72,0x20,0x61,0x64,0x64,0x72,0x65,0x73,0x73,0x00,0x52,0x65,0x73,0x6f,0x75
  db 0x72,0x63,0x65,0x20,0x74,0x65,0x6d,0x70,0x6f,0x72,0x61,0x72,0x69,0x6c,0x79,0x20
  db 0x75,0x6e,0x61,0x76,0x61,0x69,0x6c,0x61,0x62,0x6c,0x65,0x00,0x42,0x6c,0x6f,0x63
  db 0x6b,0x20,0x64,0x65,0x76,0x69,0x63,0x65,0x20,0x72,0x65,0x71,0x75,0x69,0x72,0x65
  db 0x64,0x00,0x52,0x65,0x73,0x6f,0x75,0x72,0x63,0x65,0x20,0x62,0x75,0x73,0x79,0x00
  db 0x4e,0x6f,0x74,0x20,0x61,0x20,0x64,0x69,0x72,0x65,0x63,0x74,0x6f,0x72,0x79,0x00
  db 0x49,0x73,0x20,0x61,0x20,0x64,0x69,0x72,0x65,0x63,0x74,0x6f,0x72,0x79,0x00,0x00
  db 0x46,0x69,0x6c,0x65,0x6e,0x61,0x6d,0x65,0x20,0x74,0x6f,0x6f,0x20,0x6c,0x6f,0x6e
  db 0x67,0x00,0x55,0x6e,0x6b,0x6e,0x6f,0x77,0x6e,0x20,0x65,0x72,0x72,0x6f,0x72,0x00
  db 0x3a,0x20,0x00,0x0a,0x00,0x00,0x00,0x00,0x00,0x00,0x00,0x00,0x00,0x00,0x00,0x00
  db 0x67,0x55,0x03,0x00,0x4e,0x6f,0x20,0x73,0x70,0x61,0x63,0x65,0x20,0x66,0x6f,0x72
  db 0x20,0x63,0x6f,0x70,0x79,0x20,0x6f,0x66,0x20,0x63,0x6f,0x6d,0x6d,0x61,0x6e,0x64
  db 0x20,0x6c,0x69,0x6e,0x65,0x00,0x4e,0x6f,0x20,0x73,0x70,0x61,0x63,0x65,0x20,0x66
  db 0x6f,0x72,0x20,0x63,0x6f,0x6d,0x6d,0x61,0x6e,0x64,0x20,0x6c,0x69,0x6e,0x65,0x20
  db 0x61,0x72,0x67,0x75,0x6d,0x65,0x6e,0x74,0x20,0x76,0x65,0x63,0x74,0x6f,0x72,0x00
  db 0x4e,0x6f,0x20,0x73,0x70,0x61,0x63,0x65,0x20,0x66,0x6f,0x72,0x20,0x63,0x6f,0x6d
  db 0x6d,0x61,0x6e,0x64,0x20,0x6c,0x69,0x6e,0x65,0x20,0x61,0x72,0x67,0x75,0x6d,0x65
  db 0x6e,0x74,0x00,0x00,0x00,0x00,0x00,0x00,0x00,0x00,0x00,0x00,0x50,0x41,0x54,0x48
  db 0x00,0x00,0x00,0x00,0x5c,0x00,0x00,0x00,0x5c,0x53,0x48,0x41,0x52,0x45,0x4d,0x45
  db 0x4d,0x5c,0x78,0x78,0x78,0x78,0x78,0x78,0x78,0x78,0x2e,0x63,0x32,0x69,0x00,0x00
  db 0x00,0x00,0x00,0x00,0x6c,0x6f,0x63,0x6b,0x69,0x6e,0x67,0x20,0x61,0x74,0x65,0x78
  db 0x69,0x74,0x20,0x74,0x61,0x62,0x6c,0x65,0x00,0x75,0x6e,0x6c,0x6f,0x63,0x6b,0x69
  db 0x6e,0x67,0x20,0x61,0x74,0x65,0x78,0x69,0x74,0x20,0x6c,0x6f,0x63,0x6b,0x00,0x63
  db 0x72,0x65,0x61,0x74,0x69,0x6e,0x67,0x20,0x61,0x74,0x65,0x78,0x69,0x74,0x20,0x6c
  db 0x6f,0x63,0x6b,0x00,0x63,0x72,0x65,0x61,0x74,0x69,0x6e,0x67,0x20,0x67,0x6c,0x6f
  db 0x62,0x61,0x6c,0x20,0x73,0x74,0x72,0x65,0x61,0x6d,0x20,0x6c,0x6f,0x63,0x6b,0x00
  db 0x6c,0x6f,0x63,0x6b,0x69,0x6e,0x67,0x20,0x67,0x6c,0x6f,0x62,0x61,0x6c,0x20,0x73
  db 0x74,0x72,0x65,0x61,0x6d,0x20,0x6c,0x6f,0x63,0x6b,0x00,0x75,0x6e,0x6c,0x6f,0x63
  db 0x6b,0x69,0x6e,0x67,0x20,0x67,0x6c,0x6f,0x62,0x61,0x6c,0x20,0x73,0x74,0x72,0x65
  db 0x61,0x6d,0x20,0x6c,0x6f,0x63,0x6b,0x00,0x61,0x6c,0x6c,0x6f,0x63,0x61,0x74,0x69
  db 0x6e,0x67,0x20,0x73,0x74,0x72,0x65,0x61,0x6d,0x20,0x6c,0x6f,0x63,0x6b,0x20,0x74
  db 0x61,0x62,0x6c,0x65,0x00,0x63,0x72,0x65,0x61,0x74,0x69,0x6e,0x67,0x20,0x73,0x74
  db 0x72,0x65,0x61,0x6d,0x20,0x6c,0x6f,0x63,0x6b,0x00,0x6c,0x6f,0x63,0x6b,0x69,0x6e
  db 0x67,0x20,0x73,0x74,0x72,0x65,0x61,0x6d,0x00,0x75,0x6e,0x6c,0x6f,0x63,0x6b,0x69
  db 0x6e,0x67,0x20,0x73,0x74,0x72,0x65,0x61,0x6d,0x00,0x00,0x00,0x00,0x00,0x00,0x00
  db 0xe0,0x53,0x05,0x00,0xe4,0x53,0x05,0x00,0xe8,0x53,0x05,0x00,0xec,0x53,0x05,0x00
  db 0xf0,0x53,0x05,0x00,0xf4,0x53,0x05,0x00,0xf8,0x53,0x05,0x00,0xfc,0x53,0x05,0x00
  db 0x03,0x54,0x05,0x00,0x0a,0x54,0x05,0x00,0x12,0x54,0x05,0x00,0x1c,0x54,0x05,0x00
  db 0x25,0x54,0x05,0x00,0x2c,0x54,0x05,0x00,0x35,0x54,0x05,0x00,0x39,0x54,0x05,0x00
  db 0x3d,0x54,0x05,0x00,0x41,0x54,0x05,0x00,0x45,0x54,0x05,0x00,0x49,0x54,0x05,0x00
  db 0x4d,0x54,0x05,0x00,0x51,0x54,0x05,0x00,0x55,0x54,0x05,0x00,0x59,0x54,0x05,0x00
  db 0x5d,0x54,0x05,0x00,0x61,0x54,0x05,0x00,0x65,0x54,0x05,0x00,0x6d,0x54,0x05,0x00
  db 0x76,0x54,0x05,0x00,0x7c,0x54,0x05,0x00,0x82,0x54,0x05,0x00,0x86,0x54,0x05,0x00
  db 0x8b,0x54,0x05,0x00,0x90,0x54,0x05,0x00,0x97,0x54,0x05,0x00,0xa1,0x54,0x05,0x00
  db 0xa9,0x54,0x05,0x00,0xb2,0x54,0x05,0x00,0xbb,0x54,0x05,0x00,0xbe,0x54,0x05,0x00
  db 0x1f,0x1c,0x1f,0x1e,0x1f,0x1e,0x1f,0x1f,0x1e,0x1f,0x1e,0x1f,0x00,0x00,0x00,0x00
  db 0x1f,0x00,0x00,0x00,0x3b,0x00,0x00,0x00,0x5a,0x00,0x00,0x00,0x78,0x00,0x00,0x00
  db 0x97,0x00,0x00,0x00,0xb5,0x00,0x00,0x00,0xd4,0x00,0x00,0x00,0xf3,0x00,0x00,0x00
  db 0x11,0x01,0x00,0x00,0x30,0x01,0x00,0x00,0x4e,0x01,0x00,0x00,0x6d,0x01,0x00,0x00
  db 0x53,0x75,0x6e,0x00,0x4d,0x6f,0x6e,0x00,0x54,0x75,0x65,0x00,0x57,0x65,0x64,0x00
  db 0x54,0x68,0x75,0x00,0x46,0x72,0x69,0x00,0x53,0x61,0x74,0x00,0x53,0x75,0x6e,0x64
  db 0x61,0x79,0x00,0x4d,0x6f,0x6e,0x64,0x61,0x79,0x00,0x54,0x75,0x65,0x73,0x64,0x61
  db 0x79,0x00,0x57,0x65,0x64,0x6e,0x65,0x73,0x64,0x61,0x79,0x00,0x54,0x68,0x75,0x72
  db 0x73,0x64,0x61,0x79,0x00,0x46,0x72,0x69,0x64,0x61,0x79,0x00,0x53,0x61,0x74,0x75
  db 0x72,0x64,0x61,0x79,0x00,0x4a,0x61,0x6e,0x00,0x46,0x65,0x62,0x00,0x4d,0x61,0x72
  db 0x00,0x41,0x70,0x72,0x00,0x4d,0x61,0x79,0x00,0x4a,0x75,0x6e,0x00,0x4a,0x75,0x6c
  db 0x00,0x41,0x75,0x67,0x00,0x53,0x65,0x70,0x00,0x4f,0x63,0x74,0x00,0x4e,0x6f,0x76
  db 0x00,0x44,0x65,0x63,0x00,0x4a,0x61,0x6e,0x75,0x61,0x72,0x79,0x00,0x46,0x65,0x62
  db 0x72,0x75,0x61,0x72,0x79,0x00,0x4d,0x61,0x72,0x63,0x68,0x00,0x41,0x70,0x72,0x69
  db 0x6c,0x00,0x4d,0x61,0x79,0x00,0x4a,0x75,0x6e,0x65,0x00,0x4a,0x75,0x6c,0x79,0x00
  db 0x41,0x75,0x67,0x75,0x73,0x74,0x00,0x53,0x65,0x70,0x74,0x65,0x6d,0x62,0x65,0x72
  db 0x00,0x4f,0x63,0x74,0x6f,0x62,0x65,0x72,0x00,0x4e,0x6f,0x76,0x65,0x6d,0x62,0x65
  db 0x72,0x00,0x44,0x65,0x63,0x65,0x6d,0x62,0x65,0x72,0x00,0x41,0x4d,0x00,0x50,0x4d
  db 0x00,0x00,0x00,0x00,0x00,0x19,0x06,0x00,0x04,0x19,0x06,0x00,0x50,0x46,0x00,0x00
  db 0x01,0x00,0x00,0x00,0x54,0x5a,0x00,0x45,0x53,0x54,0x00,0x45,0x44,0x54,0x00,0x00
  db 0x00,0x00,0x00,0x00,0x28,0x6e,0x75,0x6c,0x6c,0x29,0x00,0x00,0x00,0x14,0x14,0x01
  db 0x14,0x15,0x14,0x14,0x14,0x14,0x02,0x00,0x14,0x03,0x04,0x14,0x09,0x05,0x05,0x05
  db 0x05,0x05,0x05,0x05,0x05,0x05,0x14,0x14,0x14,0x14,0x14,0x14,0x14,0x14,0x14,0x14
  db 0x14,0x0f,0x17,0x0f,0x08,0x14,0x14,0x14,0x07,0x14,0x16,0x14,0x14,0x14,0x14,0x14
  db 0x14,0x14,0x14,0x14,0x0d,0x14,0x14,0x14,0x14,0x14,0x14,0x14,0x14,0x14,0x14,0x10
  db 0x0a,0x0f,0x0f,0x0f,0x08,0x0a,0x14,0x14,0x06,0x14,0x12,0x0b,0x0e,0x14,0x14,0x11
  db 0x14,0x0c,0x14,0x14,0x0d,0x14,0x14,0x14,0x14,0x14,0x14,0x14,0xc0,0x6f,0x03,0x00
  db 0x00,0x00,0x00,0x00,0x5f,0x43,0x5f,0x46,0x49,0x4c,0x45,0x5f,0x49,0x4e,0x46,0x4f
  db 0x3d,0x00,0x00,0x00,0x00,0x00,0x00,0x00,0x00,0x00,0x00,0x00,0x00,0x00,0x00,0x80
  db 0xff,0x3f,0x00,0x00,0x00,0x00,0x00,0x00,0x00,0xa0,0x02,0x40,0x00,0x00,0x00,0x00
  db 0x00,0x00,0x00,0xc8,0x05,0x40,0x00,0x00,0x00,0x00,0x00,0x00,0x00,0xfa,0x08,0x40
  db 0x00,0x00,0x00,0x00,0x00,0x00,0x40,0x9c,0x0c,0x40,0x00,0x00,0x00,0x00,0x00,0x00
  db 0x50,0xc3,0x0f,0x40,0x00,0x00,0x00,0x00,0x00,0x00,0x24,0xf4,0x12,0x40,0x00,0x00
  db 0x00,0x00,0x00,0x80,0x96,0x98,0x16,0x40,0x00,0x00,0x00,0x00,0x00,0x20,0xbc,0xbe
  db 0x19,0x40,0x00,0x00,0x00,0x00,0x00,0x00,0x00,0x00,0x00,0x04,0xbf,0xc9,0x1b,0x8e
  db 0x34,0x40,0x00,0x00,0x9e,0xb5,0x70,0x2b,0xa8,0xad,0xc5,0x9d,0x69,0x40,0x00,0x00
  db 0xd5,0xa6,0xcf,0xff,0x49,0x1f,0x78,0xc2,0xd3,0x40,0x00,0x00,0xe0,0x8c,0xe9,0x80
  db 0xc9,0x47,0xba,0x93,0xa8,0x41,0x00,0x00,0x8e,0xde,0xf9,0x9d,0xfb,0xeb,0x7e,0xaa
  db 0x51,0x43,0x00,0x00,0xc7,0x91,0x0e,0xa6,0xae,0xa0,0x19,0xe3,0xa3,0x46,0x00,0x00
  db 0x17,0x0c,0x75,0x81,0x86,0x75,0x76,0xc9,0x48,0x4d,0x00,0x00,0xe5,0x5d,0x3d,0xc5
  db 0x5d,0x3b,0x8b,0x9e,0x92,0x5a,0x00,0x00,0x9b,0x97,0x20,0x8a,0x02,0x52,0x60,0xc4
  db 0x25,0x75,0x00,0x00,0x00,0x00,0x00,0x00,0x00,0x00,0x00,0x80,0xff,0x7f,0x00,0x00
  db 0x00,0x00,0x00,0x00,0x74,0x56,0x05,0x00,0x76,0x56,0x05,0x00,0x77,0x56,0x05,0x00
  db 0x78,0x56,0x05,0x00,0x79,0x56,0x05,0x00,0x7a,0x56,0x05,0x00,0x7b,0x56,0x05,0x00
  db 0x7c,0x56,0x05,0x00,0x7d,0x56,0x05,0x00,0x7e,0x56,0x05,0x00,0x7f,0x7f,0x7f,0x7f
  db 0x7f,0x7f,0x7f,0x7f,0x2e,0x00,0x00,0x00,0x00,0x00,0x00,0x00,0x00,0x00,0x00,0x00
  db 0x00,0x00,0x00,0x00,0xff,0xff,0x7f,0x7f,0xff,0xff,0xff,0xff,0xff,0xff,0xef,0x7f
  db 0xff,0xff,0xff,0xff,0xff,0xff,0xff,0xff,0xfe,0x7f,0x00,0x00,0x00,0x00,0xc0,0x7f
  db 0x00,0x00,0x00,0x00,0x00,0x00,0x00,0x80,0x01,0x00,0x00,0x00,0x00,0x00,0x00,0x00
  db 0x00,0x00,0x00,0x00,0x00,0x00,0x00,0x00,0x00,0x00,0x00,0x00,0xa0,0xa6,0x03,0x00
  db 0xe0,0xa6,0x03,0x00,0x2d,0x49,0x4e,0x46,0x00,0x2b,0x49,0x4e,0x46,0x00,0x2d,0x4e
  db 0x41,0x4e,0x00,0x2b,0x4e,0x41,0x4e,0x00,0x00,0x00,0x00,0x00,0x00,0x00,0x00,0x80
  db 0xff,0x7f,0x00,0x00,0x00,0x00,0x00,0x00,0x00,0x00,0x00,0x80,0xff,0xff,0x00,0x00
  db 0x01,0x00,0x00,0x00,0x00,0x00,0x00,0xc0,0xff,0x7f,0x00,0x00,0x01,0x00,0x00,0x00
  db 0x00,0x00,0x00,0xc0,0xff,0xff,0x00,0x00,0x00,0x00,0x00,0x00,0x00,0x00,0x00,0x00
  db 0x00,0x00,0x00,0x00,0x00,0x00,0x00,0x00,0x00,0x00,0x00,0x00,0x00,0x00,0x00,0x00
  db 0x00,0x00,0x00,0x00,0x00,0x00,0x00,0x00,0x00,0x00,0x00,0x00,0x00,0x00,0x00,0x00
  db 0x00,0x00,0x00,0x00,0x00,0x00,0x00,0x00,0x00,0x00,0x00,0x00,0x2d,0xb2,0x03,0x00
  db 0x04,0x00,0x00,0x00,0xd4,0xff,0xff,0xff,0x00,0x00,0x00,0x00,0x00,0x00,0x00,0x00
  db 0xdc,0xff,0xff,0xff,0x00,0x00,0x05,0x00,0x00,0x00,0x00,0x00,0x3c,0x57,0x05,0x00
  db 0x80,0x80,0x03,0x00,0x2d,0xb2,0x03,0x00,0x00,0x00,0x00,0x00,0x34,0x57,0x05,0x00
  db 0x7d,0xb2,0x03,0x00,0x04,0x00,0x00,0x00,0xd8,0xff,0xff,0xff,0x00,0x00,0x00,0x00
  db 0x00,0x00,0x00,0x00,0xe0,0xff,0xff,0xff,0x00,0x00,0x05,0x00,0x00,0x00,0x00,0x00
  db 0x64,0x57,0x05,0x00,0x4f,0x75,0x74,0x20,0x6f,0x66,0x20,0x6d,0x65,0x6d,0x6f,0x72
  db 0x79,0x00,0x00,0x00,0x00,0x00,0x00,0x00,0x49,0x6c,0x6c,0x65,0x67,0x61,0x6c,0x20
  db 0x6d,0x6f,0x64,0x65,0x20,0x69,0x6e,0x20,0x5f,0x76,0x65,0x63,0x74,0x6f,0x72,0x5f
  db 0x6e,0x65,0x77,0x5f,0x00,0x00,0x00,0x00,0x2d,0xb2,0x03,0x00,0x00,0x00,0x00,0x00
  db 0x2d,0xb2,0x03,0x00,0x04,0x00,0x00,0x00,0xd4,0xff,0xff,0xff,0x00,0x00,0x00,0x00
  db 0xc8,0x57,0x05,0x00,0xdc,0xff,0xff,0xff,0x00,0x00,0x05,0x00,0x00,0x00,0x00,0x00
  db 0xd0,0x57,0x05,0x00,0xa4,0x85,0x03,0x00,0x07,0x20,0x00,0x00,0xfc,0xff,0xff,0xff
  db 0x00,0x00,0x00,0x00,0x00,0x00,0x00,0x00,0xdc,0xff,0xff,0xff,0x00,0x00,0x05,0x00
  db 0x00,0x00,0x00,0x00,0x00,0x00,0x00,0x00,0x08,0x00,0x05,0x00,0x00,0x00,0x00,0x00
  db 0xf4,0x57,0x05,0x00,0xa4,0x85,0x03,0x00,0x07,0x20,0x00,0x00,0xfc,0xff,0xff,0xff
  db 0x00,0x00,0x00,0x00,0x00,0x00,0x00,0x00,0xdc,0xff,0xff,0xff,0x00,0x00,0x05,0x00
  db 0x00,0x00,0x00,0x00,0x00,0x00,0x00,0x00,0x08,0x00,0x05,0x00,0x00,0x00,0x00,0x00
  db 0x24,0x58,0x05,0x00,0xee,0xb2,0x03,0x00,0x00,0x00,0x00,0x00,0x54,0x58,0x05,0x00
  db 0xd8,0xff,0xff,0xff,0xa4,0x85,0x03,0x00,0x07,0x20,0x00,0x00,0xfc,0xff,0xff,0xff
  db 0x00,0x00,0x00,0x00,0x00,0x00,0x00,0x00,0xdc,0xff,0xff,0xff,0x00,0x00,0x05,0x00
  db 0x00,0x00,0x00,0x00,0x00,0x00,0x00,0x00,0x08,0x00,0x05,0x00,0x00,0x00,0x00,0x00
  db 0x64,0x58,0x05,0x00,0x00,0x00,0x00,0x00,0x00,0x00,0x00,0x00,0x00,0x00,0x00,0x00
  db 0xcd,0x8f,0x03,0x00,0x00,0x00,0x00,0x00,0x00,0x00,0x00,0x00,0x00,0x00,0x00,0x00
  db 0x00,0x00,0x00,0x00,0x00,0x00,0x00,0x00,0x00,0x00,0x00,0x00,0x00,0x00,0x00,0x00
  db 0x15,0x90,0x03,0x00,0x00,0x00,0x00,0x00,0x00,0x00,0x00,0x00,0x00,0x00,0x00,0x00
  db 0x00,0x00,0x00,0x00,0x00,0x00,0x00,0x00,0x00,0x00,0x00,0x00,0xb8,0xff,0xff,0xff
  db 0x00,0x00,0x03,0x00,0x98,0x58,0x05,0x00,0x00,0x00,0x04,0x00,0x00,0x00,0x03,0x00
  db 0xb8,0x58,0x05,0x00,0x00,0x00,0x04,0x00,0x00,0x00,0x00,0x00,0x00,0x00,0x00,0x00
  db 0xdd,0x91,0x03,0x00,0x00,0x00,0x00,0x00,0x00,0x00,0x00,0x00,0x00,0x00,0x00,0x00
  db 0x00,0x00,0x00,0x00,0x00,0x00,0x00,0x00,0x00,0x00,0x00,0x00,0xe0,0xff,0xff,0xff
  db 0x00,0x00,0x03,0x00,0xf8,0x58,0x05,0x00,0x00,0x00,0x04,0x00,0x00,0x00,0x00,0x00
  db 0x00,0x00,0x00,0x00,0xc2,0x9b,0x03,0x00,0x00,0x00,0x00,0x00,0x00,0x00,0x00,0x00
  db 0x00,0x00,0x00,0x00,0x00,0x00,0x00,0x00,0x00,0x00,0x00,0x00,0x00,0x00,0x00,0x00
  db 0x00,0x00,0x00,0x00,0xd4,0x9b,0x03,0x00,0x00,0x00,0x00,0x00,0x00,0x00,0x00,0x00
  db 0x00,0x00,0x00,0x00,0x00,0x00,0x00,0x00,0x00,0x00,0x00,0x00,0x00,0x00,0x00,0x00
  db 0xe0,0xff,0xff,0xff,0x00,0x00,0x03,0x00,0x4c,0x59,0x05,0x00,0x00,0x00,0x04,0x00
  db 0x08,0x00,0x03,0x00,0x2c,0x59,0x05,0x00,0x08,0x00,0x04,0x00,0x3c,0x6e,0x6f,0x74
  db 0x79,0x70,0x65,0x3e,0x00,0x2a,0x2a,0x42,0x43,0x43,0x78,0x68,0x31,0x00,0xed,0xa5
  db 0x03,0x00,0x00,0x00,0x00,0x00,0x00,0x00,0x00,0x00,0x23,0xa2,0x03,0x00,0x00,0x00
  db 0x00,0x00,0x00,0x00,0x00,0x40,0x00,0x00,0x00,0x00,0x00,0x00,0x00,0x00,0x00,0x00
  db 0x00,0x00,0x00,0x00,0x00,0x00,0x00,0x00,0x00,0x00,0x00,0x00,0x00,0x00,0x00,0x00
  db 0x50,0x75,0x72,0x65,0x20,0x76,0x69,0x72,0x74,0x75,0x61,0x6c,0x20,0x66,0x75,0x6e
  db 0x63,0x74,0x69,0x6f,0x6e,0x20,0x63,0x61,0x6c,0x6c,0x65,0x64,0x00,0x00,0x00,0x00
  db 0xae,0x97,0x03,0x00,0x00,0x00,0x00,0x00,0x00,0x00,0x00,0x00,0x95,0xaa,0x03,0x00
  db 0x00,0x00,0x00,0x00,0x00,0x00,0x00,0x00,0x90,0xa7,0x03,0x00,0x71,0xa8,0x03,0x00
  db 0x00,0x00,0x00,0x00,0x00,0x00,0x00,0x00,0x00,0x00,0x00,0x00,0x00,0x00,0x00,0x00
  db 0x00,0x00,0x00,0x00,0x00,0x00,0x00,0x00,0x00,0x00,0x00,0x00,0x59,0xa8,0x03,0x00
  db 0x00,0x00,0x00,0x00,0x00,0x00,0x00,0x00,0x00,0x00,0x00,0x00,0x00,0x00,0x00,0x00
  db 0x00,0x00,0x00,0x00,0x00,0x00,0x00,0x00,0xdc,0xff,0xff,0xff,0x00,0x00,0x03,0x00
  db 0x24,0x5a,0x05,0x00,0x00,0x00,0x04,0x00,0x30,0x00,0x00,0x00,0xb4,0x8b,0x1d,0xe9
  db 0x00,0x00,0x00,0x00,0xff,0x71,0x3c,0x1d,0x95,0xaa,0x03,0x00,0x00,0x00,0x00,0x00
  db 0x00,0x00,0x00,0x00,0x00,0x00,0x00,0x00,0x00,0x00,0x00,0x00,0x00,0x00,0x00,0x00
  db 0x00,0x00,0x00,0x00,0x00,0x00,0x00,0x00,0x00,0x00,0x00,0x00,0x00,0x00,0x00,0x00
  db 0x2d,0xb2,0x03,0x00,0x00,0x00,0x00,0x00,0x90,0x5a,0x05,0x00,0xe0,0xff,0xff,0xff
  db 0x2d,0xb2,0x03,0x00,0x32,0xb3,0x03,0x00,0x00,0x00,0x00,0x00,0xa4,0xab,0x03,0x00
  db 0x07,0x20,0x00,0x00,0xfc,0xff,0xff,0xff,0x00,0x00,0x00,0x00,0xa0,0x5a,0x05,0x00
  db 0xdc,0xff,0xff,0xff,0x00,0x00,0x05,0x00,0x00,0x00,0x00,0x00,0x00,0x00,0x00,0x00
  db 0x08,0x00,0x05,0x00,0x00,0x00,0x00,0x00,0xac,0x5a,0x05,0x00,0x00,0x00,0x00,0x00
  db 0xdc,0x5a,0x05,0x00,0xe0,0xff,0xff,0xff,0xbb,0xb3,0x03,0x00,0x00,0x00,0x00,0x00
  db 0x7d,0xb2,0x03,0x00,0x04,0x00,0x00,0x00,0xd4,0xff,0xff,0xff,0xbb,0xb3,0x03,0x00
  db 0x04,0x00,0x00,0x00,0xd8,0xff,0xff,0xff,0x00,0x00,0x00,0x00,0xe8,0x5a,0x05,0x00
  db 0xdc,0xff,0xff,0xff,0x00,0x00,0x05,0x00,0x00,0x00,0x00,0x00,0xf0,0x5a,0x05,0x00
  db 0xbb,0xb3,0x03,0x00,0x00,0x00,0x00,0x00,0x7d,0xb2,0x03,0x00,0x04,0x00,0x00,0x00
  db 0xd4,0xff,0xff,0xff,0xbb,0xb3,0x03,0x00,0x04,0x00,0x00,0x00,0xd8,0xff,0xff,0xff
  db 0x00,0x00,0x00,0x00,0x20,0x5b,0x05,0x00,0xdc,0xff,0xff,0xff,0x00,0x00,0x05,0x00
  db 0x00,0x00,0x00,0x00,0x28,0x5b,0x05,0x00,0xbb,0xb3,0x03,0x00,0x00,0x00,0x00,0x00
  db 0x7d,0xb2,0x03,0x00,0x04,0x00,0x00,0x00,0xd4,0xff,0xff,0xff,0xbb,0xb3,0x03,0x00
  db 0x04,0x00,0x00,0x00,0xd8,0xff,0xff,0xff,0x00,0x00,0x00,0x00,0x58,0x5b,0x05,0x00
  db 0xdc,0xff,0xff,0xff,0x00,0x00,0x05,0x00,0x00,0x00,0x00,0x00,0x60,0x5b,0x05,0x00
  db 0x00,0x00,0x00,0x00,0x90,0x5b,0x05,0x00,0xe0,0xff,0xff,0xff,0x2d,0xb2,0x03,0x00
  db 0xbb,0xb3,0x03,0x00,0x00,0x00,0x00,0x00,0x9c,0x5b,0x05,0x00,0xe0,0xff,0xff,0xff
  db 0x00,0x00,0x00,0x00,0xb0,0x5b,0x05,0x00,0xe0,0xff,0xff,0xff,0x2d,0xb2,0x03,0x00
  db 0x32,0xb3,0x03,0x00,0x00,0x00,0x00,0x00,0xbc,0x5b,0x05,0x00,0xe0,0xff,0xff,0xff
  db 0x00,0x00,0x00,0x00,0xd0,0x5b,0x05,0x00,0xe0,0xff,0xff,0xff,0x2d,0xb2,0x03,0x00
  db 0x32,0xb3,0x03,0x00,0x00,0x00,0x00,0x00,0xdc,0x5b,0x05,0x00,0xd8,0xff,0xff,0xff
  db 0x01,0x00,0x00,0x00,0x00,0x00,0x00,0x00,0x01,0x00,0x00,0x00,0x3f,0x00,0x00,0x00
  db 0x40,0x00,0x00,0x00,0x3f,0x00,0x00,0x00,0x53,0x74,0x72,0x69,0x6e,0x67,0x20,0x72
  db 0x65,0x66,0x65,0x72,0x65,0x6e,0x63,0x65,0x20,0x6f,0x75,0x74,0x20,0x6f,0x66,0x20
  db 0x72,0x61,0x6e,0x67,0x65,0x00,0x53,0x74,0x72,0x69,0x6e,0x67,0x20,0x72,0x65,0x66
  db 0x65,0x72,0x65,0x6e,0x63,0x65,0x20,0x6f,0x75,0x74,0x20,0x6f,0x66,0x20,0x72,0x61
  db 0x6e,0x67,0x65,0x00,0x53,0x74,0x72,0x69,0x6e,0x67,0x20,0x72,0x65,0x66,0x65,0x72
  db 0x65,0x6e,0x63,0x65,0x20,0x6f,0x75,0x74,0x20,0x6f,0x66,0x20,0x72,0x61,0x6e,0x67
  db 0x65,0x00,0x00,0x00,0x00,0x00,0x00,0x00,0x63,0x72,0x65,0x61,0x74,0x69,0x6e,0x67
  db 0x20,0x64,0x69,0x72,0x65,0x63,0x74,0x6f,0x72,0x79,0x20,0x6c,0x6f,0x63,0x6b,0x00
  db 0x6c,0x6f,0x63,0x6b,0x69,0x6e,0x67,0x20,0x64,0x69,0x72,0x65,0x63,0x74,0x6f,0x72
  db 0x79,0x20,0x68,0x61,0x6e,0x64,0x6c,0x65,0x73,0x00,0x75,0x6e,0x6c,0x6f,0x63,0x6b
  db 0x69,0x6e,0x67,0x20,0x64,0x69,0x72,0x65,0x63,0x74,0x6f,0x72,0x79,0x20,0x68,0x61
  db 0x6e,0x64,0x6c,0x65,0x73,0x00,0x00,0x00,0x00,0x00,0x00,0x00,0x0d,0x0a,0x00,0x0d
  db 0x0a,0x00,0x00,0x00,0x00,0x00,0x00,0x00,0x6c,0x6f,0x63,0x6b,0x69,0x6e,0x67,0x20
  db 0x67,0x6c,0x6f,0x62,0x61,0x6c,0x20,0x68,0x61,0x6e,0x64,0x6c,0x65,0x20,0x6c,0x6f
  db 0x63,0x6b,0x00,0x75,0x6e,0x6c,0x6f,0x63,0x6b,0x69,0x6e,0x67,0x20,0x67,0x6c,0x6f
  db 0x62,0x61,0x6c,0x20,0x68,0x61,0x6e,0x64,0x6c,0x65,0x20,0x6c,0x6f,0x63,0x6b,0x00
  db 0x61,0x6c,0x6c,0x6f,0x63,0x61,0x74,0x69,0x6e,0x67,0x20,0x68,0x61,0x6e,0x64,0x6c
  db 0x65,0x20,0x6c,0x6f,0x63,0x6b,0x20,0x74,0x61,0x62,0x6c,0x65,0x00,0x63,0x72,0x65
  db 0x61,0x74,0x69,0x6e,0x67,0x20,0x68,0x61,0x6e,0x64,0x6c,0x65,0x20,0x6c,0x6f,0x63
  db 0x6b,0x00,0x6c,0x6f,0x63,0x6b,0x69,0x6e,0x67,0x20,0x68,0x61,0x6e,0x64,0x6c,0x65
  db 0x00,0x75,0x6e,0x6c,0x6f,0x63,0x6b,0x69,0x6e,0x67,0x20,0x68,0x61,0x6e,0x64,0x6c
  db 0x65,0x00,0x63,0x72,0x65,0x61,0x74,0x69,0x6e,0x67,0x20,0x67,0x6c,0x6f,0x62,0x61
  db 0x6c,0x20,0x68,0x61,0x6e,0x64,0x6c,0x65,0x20,0x6c,0x6f,0x63,0x6b,0x00,0x00,0x00
  db 0x00,0x13,0x02,0x02,0x04,0x05,0x06,0x08,0x08,0x08,0x14,0x15,0x05,0x13,0x0e,0x16
  db 0x05,0x11,0x02,0x1e,0x29,0x2c,0x28,0x28,0x28,0x28,0x28,0x29,0x2c,0x28,0x28,0x28
  db 0x05,0x05,0x29,0x17,0x17,0x0e,0x0e,0x0e,0x0e,0x0e,0x0e,0x0e,0x0e,0x0e,0x0e,0x0e
  db 0x0e,0x0e,0x0f,0x2c,0x23,0x02,0x2c,0x0f,0x2a,0x28,0x28,0x28,0x13,0x1b,0x1c,0x02
  db 0x02,0x05,0x0f,0x02,0x17,0x28,0x2a,0x13,0x2a,0x0e,0x0e,0x0e,0x0e,0x0e,0x0e,0x0e
  db 0x23,0x0e,0x1c,0x28,0x17,0x23,0x25,0x13,0x28,0x2a,0x13,0x13,0x13,0x13,0x13,0x13
  db 0x13,0x13,0x13,0x2c,0x2a,0x2a,0x13,0x13,0x13,0x13,0x13,0x16,0x2a,0x20,0x02,0x13
  db 0x1c,0x04,0x06,0x0e,0x13,0x13,0x13,0x13,0x13,0x13,0x13,0x02,0x13,0x13,0x13,0x26
  db 0x18,0x18,0x13,0x13,0x1d,0x13,0x13,0x13,0x13,0x13,0x13,0x13,0x13,0x13,0x2a,0x13
  db 0x13,0x13,0x13,0x13,0x13,0x13,0x13,0x13,0x13,0x13,0x13,0x13,0x13,0x13,0x05,0x13
  db 0x13,0x13,0x13,0x13,0x13,0x13,0x13,0x05,0x13,0x13,0x13,0x13,0x13,0x13,0x13,0x13
  db 0x13,0x13,0x13,0x13,0x13,0x13,0x13,0x23,0x18,0x13,0x13,0x13,0x13,0x13,0x13,0x13
  db 0x13,0x13,0x13,0x13,0x13,0x13,0x13,0x13,0x13,0x13,0x13,0x13,0x13,0x13,0x30,0x13
  db 0x13,0x13,0x13,0x13,0x13,0x13,0x13,0x13,0x13,0x13,0x13,0x13,0x13,0x13,0x13,0x13
  db 0x13,0x13,0x13,0x13,0x13,0x13,0x20,0x2a,0x13,0x20,0x13,0x13,0x13,0x13,0x13,0x13
  db 0x13,0x13,0x13,0x13,0x13,0x13,0x13,0x13,0x13,0x13,0x13,0x13,0x13,0x13,0x13,0x13
  db 0x13,0x13,0x13,0x13,0x13,0x13,0x13,0x13,0x13,0x13,0x13,0x13,0x13,0x13,0x13,0x13
  db 0x13,0x13,0x13,0x13,0x13,0x13,0x13,0x13,0x13,0x13,0x13,0x13,0x13,0x13,0x13,0x13
  db 0x13,0x13,0x13,0x13,0x13,0x13,0x13,0x13,0x13,0x13,0x13,0x13,0x13,0x13,0x00,0x00
  db 0x00,0x00,0x00,0x00,0x00,0x00,0x00,0x00,0x6c,0x6f,0x63,0x6b,0x69,0x6e,0x67,0x20
  db 0x65,0x6e,0x76,0x69,0x72,0x6f,0x6e,0x6d,0x65,0x6e,0x74,0x20,0x6c,0x6f,0x63,0x6b
  db 0x00,0x75,0x6e,0x6c,0x6f,0x63,0x6b,0x69,0x6e,0x67,0x20,0x65,0x6e,0x76,0x69,0x72
  db 0x6f,0x6e,0x6d,0x65,0x6e,0x74,0x20,0x6c,0x6f,0x63,0x6b,0x00,0x63,0x72,0x65,0x61
  db 0x74,0x69,0x6e,0x67,0x20,0x65,0x6e,0x76,0x69,0x72,0x6f,0x6e,0x6d,0x65,0x6e,0x74
  db 0x20,0x6c,0x6f,0x63,0x6b,0x00,0x00,0x00,0x00,0x00,0x00,0x00,0x00,0x00,0x00,0x00
  db 0x02,0x00,0x00,0x00,0x04,0x00,0x00,0x00,0x08,0x00,0x00,0x00,0x0b,0x00,0x00,0x00
  db 0x0f,0x00,0x00,0x00,0x10,0x00,0x00,0x00,0x11,0x00,0x00,0x00,0x14,0x00,0x00,0x00
  db 0x15,0x00,0x00,0x00,0x16,0x00,0x00,0x00,0x00,0x15,0x8c,0x0b,0x00,0x00,0x00,0x00
  db 0x00,0x00,0x00,0x00,0x00,0x00,0x00,0x00,0x53,0x65,0x6d,0x61,0x70,0x68,0x6f,0x72
  db 0x65,0x20,0x65,0x72,0x72,0x6f,0x72,0x20,0x00,0x00,0x00,0x00,0x75,0x6e,0x6c,0x6f
  db 0x63,0x6b,0x69,0x6e,0x67,0x20,0x74,0x68,0x72,0x65,0x61,0x64,0x20,0x64,0x61,0x74
  db 0x61,0x00,0x6c,0x6f,0x63,0x6b,0x69,0x6e,0x67,0x20,0x74,0x68,0x72,0x65,0x61,0x64
  db 0x20,0x64,0x61,0x74,0x61,0x00,0x63,0x72,0x65,0x61,0x74,0x69,0x6e,0x67,0x20,0x74
  db 0x68,0x72,0x65,0x61,0x64,0x20,0x64,0x61,0x74,0x61,0x20,0x6c,0x6f,0x63,0x6b,0x00
  db 0x4f,0x75,0x74,0x20,0x6f,0x66,0x20,0x6d,0x65,0x6d,0x6f,0x72,0x79,0x20,0x66,0x6f
  db 0x72,0x20,0x74,0x68,0x72,0x65,0x61,0x64,0x20,0x64,0x61,0x74,0x61,0x00,0x00,0x00
  db 0x00,0x00,0x00,0x00,0x01,0x00,0x00,0x00,0x00,0x20,0xf9,0x17,0x01,0x00,0x00,0x20
  db 0x24,0x2c,0x01,0x00,0x00,0x20,0x71,0x97,0x01,0x00,0x00,0x20,0x97,0xee,0x01,0x00
  db 0x00,0x20,0xc6,0x24,0x02,0x00,0x00,0x20,0xf8,0x54,0x02,0x00,0x00,0x20,0x17,0xae
  db 0x02,0x00,0x00,0x20,0x40,0xf1,0x02,0x00,0x00,0x00,0x26,0x3d,0x03,0x00,0x00,0x05
  db 0x40,0x5c,0x03,0x00,0x00,0x04,0x0e,0xbd,0x03,0x00,0x00,0x02,0xaa,0x42,0x03,0x00
  db 0x00,0x03,0xa0,0x52,0x03,0x00,0x00,0x06,0x15,0x5b,0x03,0x00,0x00,0x1e,0xc0,0x60
  db 0x03,0x00,0x00,0x0a,0xaa,0x77,0x03,0x00,0x00,0x0a,0x28,0x7d,0x03,0x00,0x00,0x20
  db 0x3a,0x81,0x03,0x00,0x00,0x01,0x00,0xb5,0x03,0x00,0x00,0x03,0xaa,0xc0,0x03,0x00
  db 0x00,0x01,0xae,0xcd,0x03,0x00,0x00,0x20,0x04,0x18,0x01,0x00,0x00,0x20,0x2f,0x2c
  db 0x01,0x00,0x00,0x20,0xdb,0x24,0x02,0x00,0x00,0x20,0x03,0x55,0x02,0x00,0x00,0x20
  db 0x2c,0xae,0x02,0x00,0x00,0x20,0x55,0xf1,0x02,0x00,0x00,0x00,0x3f,0x3d,0x03,0x00
  db 0x00,0x20,0x8b,0x81,0x03,0x00,0x00,0x00,0x00,0x00,0x00,0x00,0x00,0x00,0x00,0x00
  db 0x00,0x00,0x00,0x00,0x00,0x00,0x00,0x00,0x00,0x00,0x00,0x00,0x00,0x00,0x00,0x00
  db 0x00,0x00,0x00,0x00,0x00,0x00,0x00,0x00,0x00,0x00,0x00,0x00,0x00,0x00,0x00,0x00
  db 0x00,0x00,0x00,0x00,0x00,0x00,0x00,0x00,0x00,0x00,0x00,0x00,0x00,0x00,0x00,0x00
  db 0x00,0x00,0x00,0x00,0x00,0x00,0x00,0x00,0x00,0x00,0x00,0x00,0x00,0x00,0x00,0x00
  db 0x00,0x00,0x00,0x00,0x00,0x00,0x00,0x00,0x00,0x00,0x00,0x00,0x00,0x00,0x00,0x00
  db 0x00,0x00,0x00,0x00,0x00,0x00,0x00,0x00,0x00,0x00,0x00,0x00,0x00,0x00,0x00,0x00
  db 0x00,0x00,0x00,0x00,0x00,0x00,0x00,0x00,0x00,0x00,0x00,0x00,0x00,0x00,0x00,0x00
  db 0x00,0x00,0x00,0x00,0x00,0x00,0x00,0x00,0x00,0x00,0x00,0x00,0x00,0x00,0x00,0x00
  db 0x00,0x00,0x00,0x00,0x00,0x00,0x00,0x00,0x00,0x00,0x00,0x00,0x00,0x00,0x00,0x00
  db 0x00,0x00,0x00,0x00,0x00,0x00,0x00,0x00,0x00,0x00,0x00,0x00,0x00,0x00,0x00,0x00
  db 0x00,0x00,0x00,0x00,0x00,0x00,0x00,0x00,0x00,0x00,0x00,0x00,0x00,0x00,0x00,0x00
  db 0x00,0x00,0x00,0x00,0x00,0x00,0x00,0x00,0x00,0x00,0x00,0x00,0x00,0x00,0x00,0x00
  db 0x00,0x00,0x00,0x00,0x00,0x00,0x00,0x00,0x00,0x00,0x00,0x00,0x00,0x00,0x00,0x00
  db 0x00,0x00,0x00,0x00,0x00,0x00,0x00,0x00,0x00,0x00,0x00,0x00,0x00,0x00,0x00,0x00
  db 0x00,0x00,0x00,0x00,0x00,0x00,0x00,0x00,0x00,0x00,0x00,0x00,0x00,0x00,0x00,0x00
  db 0x00,0x00,0x00,0x00,0x00,0x00,0x00,0x00,0x00,0x00,0x00,0x00,0x00,0x00,0x00,0x00
  db 0x00,0x00,0x00,0x00,0x00,0x00,0x00,0x00,0x00,0x00,0x00,0x00,0x00,0x00,0x00,0x00
  db 0x00,0x00,0x00,0x00,0x00,0x00,0x00,0x00,0x00,0x00,0x00,0x00,0x00,0x00,0x00,0x00
  db 0x00,0x00,0x00,0x00,0x00,0x00,0x00,0x00,0x00,0x00,0x00,0x00,0x00,0x00,0x00,0x00
  db 0x00,0x00,0x00,0x00,0x00,0x00,0x00,0x00,0x00,0x00,0x00,0x00,0x00,0x00,0x00,0x00
  db 0x00,0x00,0x00,0x00,0x00,0x00,0x00,0x00,0x00,0x00,0x00,0x00,0x00,0x00,0x00,0x00
  db 0x00,0x00,0x00,0x00,0x00,0x00,0x00,0x00,0x00,0x00,0x00,0x00,0x00,0x00,0x00,0x00
  db 0x00,0x00,0x00,0x00,0x00,0x00,0x00,0x00,0x00,0x00,0x00,0x00,0x00,0x00,0x00,0x00
  db 0x00,0x00,0x00,0x00,0x00,0x00,0x00,0x00,0x00,0x00,0x00,0x00,0x00,0x00,0x00,0x00
  db 0x00,0x00,0x00,0x00,0x00,0x00,0x00,0x00,0x00,0x00,0x00,0x00,0x00,0x00,0x00,0x00
  db 0x00,0x00,0x00,0x00,0x00,0x00,0x00,0x00,0x00,0x00,0x00,0x00,0x00,0x00,0x00,0x00
  db 0x00,0x00,0x00,0x00,0x00,0x00,0x00,0x00,0x00,0x00,0x00,0x00,0x00,0x00,0x00,0x00
  db 0x00,0x00,0x00,0x00,0x00,0x00,0x00,0x00,0x00,0x00,0x00,0x00,0x00,0x00,0x00,0x00
  db 0x00,0x00,0x00,0x00,0x00,0x00,0x00,0x00,0x00,0x00,0x00,0x00,0x00,0x00,0x00,0x00
  db 0x00,0x00,0x00,0x00,0x00,0x00,0x00,0x00,0x00,0x00,0x00,0x00,0x00,0x00,0x00,0x00
  db 0x00,0x00,0x00,0x00,0x00,0x00,0x00,0x00,0x00,0x00,0x00,0x00,0x00,0x00,0x00,0x00
  db 0x00,0x00,0x00,0x00,0x00,0x00,0x00,0x00,0x00,0x00,0x00,0x00,0x00,0x00,0x00,0x00
  db 0x00,0x00,0x00,0x00,0x00,0x00,0x00,0x00,0x00,0x00,0x00,0x00,0x00,0x00,0x00,0x00
  db 0x00,0x00,0x00,0x00,0x00,0x00,0x00,0x00,0x00,0x00,0x00,0x00,0x00,0x00,0x00,0x00
  db 0x00,0x00,0x00,0x00,0x00,0x00,0x00,0x00,0x00,0x00,0x00,0x00,0x00,0x00,0x00,0x00
  db 0x00,0x00,0x00,0x00,0x00,0x00,0x00,0x00,0x00,0x00,0x00,0x00,0x00,0x00,0x00,0x00
  db 0x00,0x00,0x00,0x00,0x00,0x00,0x00,0x00,0x00,0x00,0x00,0x00,0x00,0x00,0x00,0x00
  db 0x00,0x00,0x00,0x00,0x00,0x00,0x00,0x00,0x00,0x00,0x00,0x00,0x00,0x00,0x00,0x00
  db 0x00,0x00,0x00,0x00,0x00,0x00,0x00,0x00,0x00,0x00,0x00,0x00,0x00,0x00,0x00,0x00
  db 0x00,0x00,0x00,0x00,0x00,0x00,0x00,0x00,0x00,0x00,0x00,0x00,0x00,0x00,0x00,0x00
  db 0x00,0x00,0x00,0x00,0x00,0x00,0x00,0x00,0x00,0x00,0x00,0x00,0x00,0x00,0x00,0x00
  db 0x00,0x00,0x00,0x00,0x00,0x00,0x00,0x00,0x00,0x00,0x00,0x00,0x00,0x00,0x00,0x00
  db 0x00,0x00,0x00,0x00,0x00,0x00,0x00,0x00,0x00,0x00,0x00,0x00,0x00,0x00,0x00,0x00
  db 0x00,0x00,0x00,0x00,0x00,0x00,0x00,0x00,0x00,0x00,0x00,0x00,0x00,0x00,0x00,0x00
  db 0x00,0x00,0x00,0x00,0x00,0x00,0x00,0x00,0x00,0x00,0x00,0x00,0x00,0x00,0x00,0x00
  db 0x00,0x00,0x00,0x00,0x00,0x00,0x00,0x00,0x00,0x00,0x00,0x00,0x00,0x00,0x00,0x00
  db 0x00,0x00,0x00,0x00,0x00,0x00,0x00,0x00,0x00,0x00,0x00,0x00,0x00,0x00,0x00,0x00
  db 0x00,0x00,0x00,0x00,0x00,0x00,0x00,0x00,0x00,0x00,0x00,0x00,0x00,0x00,0x00,0x00
  db 0x00,0x00,0x00,0x00,0x00,0x00,0x00,0x00,0x00,0x00,0x00,0x00,0x00,0x00,0x00,0x00
  db 0x00,0x00,0x00,0x00,0x00,0x00,0x00,0x00,0x00,0x00,0x00,0x00,0x00,0x00,0x00,0x00
  db 0x00,0x00,0x00,0x00,0x00,0x00,0x00,0x00,0x00,0x00,0x00,0x00,0x00,0x00,0x00,0x00
  db 0x00,0x00,0x00,0x00,0x00,0x00,0x00,0x00,0x00,0x00,0x00,0x00,0x00,0x00,0x00,0x00
  db 0x00,0x00,0x00,0x00,0x00,0x00,0x00,0x00,0x00,0x00,0x00,0x00,0x00,0x00,0x00,0x00
  db 0x00,0x00,0x00,0x00,0x00,0x00,0x00,0x00,0x00,0x00,0x00,0x00,0x00,0x00,0x00,0x00
  db 0x00,0x00,0x00,0x00,0x00,0x00,0x00,0x00,0x00,0x00,0x00,0x00,0x00,0x00,0x00,0x00
  db 0x00,0x00,0x00,0x00,0x00,0x00,0x00,0x00,0x00,0x00,0x00,0x00,0x00,0x00,0x00,0x00
  db 0x00,0x00,0x00,0x00,0x00,0x00,0x00,0x00,0x00,0x00,0x00,0x00,0x00,0x00,0x00,0x00
  db 0x00,0x00,0x00,0x00,0x00,0x00,0x00,0x00,0x00,0x00,0x00,0x00,0x00,0x00,0x00,0x00
  db 0x00,0x00,0x00,0x00,0x00,0x00,0x00,0x00,0x00,0x00,0x00,0x00,0x00,0x00,0x00,0x00
  db 0x00,0x00,0x00,0x00,0x00,0x00,0x00,0x00,0x00,0x00,0x00,0x00,0x00,0x00,0x00,0x00
  db 0x00,0x00,0x00,0x00,0x00,0x00,0x00,0x00,0x00,0x00,0x00,0x00,0x00,0x00,0x00,0x00
  db 0x00,0x00,0x00,0x00,0x00,0x00,0x00,0x00,0x00,0x00,0x00,0x00,0x00,0x00,0x00,0x00
  db 0x00,0x00,0x00,0x00,0x00,0x00,0x00,0x00,0x00,0x00,0x00,0x00,0x00,0x00,0x00,0x00
  db 0x00,0x00,0x00,0x00,0x00,0x00,0x00,0x00,0x00,0x00,0x00,0x00,0x00,0x00,0x00,0x00
  db 0x00,0x00,0x00,0x00,0x00,0x00,0x00,0x00,0x00,0x00,0x00,0x00,0x00,0x00,0x00,0x00
  db 0x00,0x00,0x00,0x00,0x00,0x00,0x00,0x00,0x00,0x00,0x00,0x00,0x00,0x00,0x00,0x00
  db 0x00,0x00,0x00,0x00,0x00,0x00,0x00,0x00,0x00,0x00,0x00,0x00,0x00,0x00,0x00,0x00
  db 0x00,0x00,0x00,0x00,0x00,0x00,0x00,0x00,0x00,0x00,0x00,0x00,0x00,0x00,0x00,0x00
  db 0x00,0x00,0x00,0x00,0x00,0x00,0x00,0x00,0x00,0x00,0x00,0x00,0x00,0x00,0x00,0x00
  db 0x00,0x00,0x00,0x00,0x00,0x00,0x00,0x00,0x00,0x00,0x00,0x00,0x00,0x00,0x00,0x00
  db 0x00,0x00,0x00,0x00,0x00,0x00,0x00,0x00,0x00,0x00,0x00,0x00,0x00,0x00,0x00,0x00
  db 0x00,0x00,0x00,0x00,0x00,0x00,0x00,0x00,0x00,0x00,0x00,0x00,0x00,0x00,0x00,0x00
  db 0x00,0x00,0x00,0x00,0x00,0x00,0x00,0x00,0x00,0x00,0x00,0x00,0x00,0x00,0x00,0x00
  db 0x00,0x00,0x00,0x00,0x00,0x00,0x00,0x00,0x00,0x00,0x00,0x00,0x00,0x00,0x00,0x00
  db 0x00,0x00,0x00,0x00,0x00,0x00,0x00,0x00,0x00,0x00,0x00,0x00,0x00,0x00,0x00,0x00
  db 0x00,0x00,0x00,0x00,0x00,0x00,0x00,0x00,0x00,0x00,0x00,0x00,0x00,0x00,0x00,0x00
  db 0x00,0x00,0x00,0x00,0x00,0x00,0x00,0x00,0x00,0x00,0x00,0x00,0x00,0x00,0x00,0x00
  db 0x00,0x00,0x00,0x00,0x00,0x00,0x00,0x00,0x00,0x00,0x00,0x00,0x00,0x00,0x00,0x00
  db 0x00,0x00,0x00,0x00,0x00,0x00,0x00,0x00,0x00,0x00,0x00,0x00,0x00,0x00,0x00,0x00
  db 0x00,0x00,0x00,0x00,0x00,0x00,0x00,0x00,0x00,0x00,0x00,0x00,0x00,0x00,0x00,0x00
  db 0x00,0x00,0x00,0x00,0x00,0x00,0x00,0x00,0x00,0x00,0x00,0x00,0x00,0x00,0x00,0x00
  db 0x00,0x00,0x00,0x00,0x00,0x00,0x00,0x00,0x00,0x00,0x00,0x00,0x00,0x00,0x00,0x00
  db 0x00,0x00,0x00,0x00,0x00,0x00,0x00,0x00,0x00,0x00,0x00,0x00,0x00,0x00,0x00,0x00
  db 0x00,0x00,0x00,0x00,0x00,0x00,0x00,0x00,0x00,0x00,0x00,0x00,0x00,0x00,0x00,0x00
  db 0x00,0x00,0x00,0x00,0x00,0x00,0x00,0x00,0x00,0x00,0x00,0x00,0x00,0x00,0x00,0x00
  db 0x00,0x00,0x00,0x00,0x00,0x00,0x00,0x00,0x00,0x00,0x00,0x00,0x00,0x00,0x00,0x00
  db 0x00,0x00,0x00,0x00,0x00,0x00,0x00,0x00,0x00,0x00,0x00,0x00,0x00,0x00,0x00,0x00
  db 0x00,0x00,0x00,0x00,0x00,0x00,0x00,0x00,0x00,0x00,0x00,0x00,0x00,0x00,0x00,0x00
  db 0x00,0x00,0x00,0x00,0x00,0x00,0x00,0x00,0x00,0x00,0x00,0x00,0x00,0x00,0x00,0x00
  db 0x00,0x00,0x00,0x00,0x00,0x00,0x00,0x00,0x00,0x00,0x00,0x00,0x00,0x00,0x00,0x00
  db 0x00,0x00,0x00,0x00,0x00,0x00,0x00,0x00,0x00,0x00,0x00,0x00,0x00,0x00,0x00,0x00
  db 0x00,0x00,0x00,0x00,0x00,0x00,0x00,0x00,0x00,0x00,0x00,0x00,0x00,0x00,0x00,0x00
  db 0x00,0x00,0x00,0x00,0x00,0x00,0x00,0x00,0x00,0x00,0x00,0x00,0x00,0x00,0x00,0x00
  db 0x00,0x00,0x00,0x00,0x00,0x00,0x00,0x00,0x00,0x00,0x00,0x00,0x00,0x00,0x00,0x00
  db 0x00,0x00,0x00,0x00,0x00,0x00,0x00,0x00,0x00,0x00,0x00,0x00,0x00,0x00,0x00,0x00
  db 0x00,0x00,0x00,0x00,0x00,0x00,0x00,0x00,0x00,0x00,0x00,0x00,0x00,0x00,0x00,0x00
  db 0x00,0x00,0x00,0x00,0x00,0x00,0x00,0x00,0x00,0x00,0x00,0x00,0x00,0x00,0x00,0x00
  db 0x00,0x00,0x00,0x00,0x00,0x00,0x00,0x00,0x00,0x00,0x00,0x00,0x00,0x00,0x00,0x00
  db 0x00,0x00,0x00,0x00,0x00,0x00,0x00,0x00,0x00,0x00,0x00,0x00,0x00,0x00,0x00,0x00
  db 0x00,0x00,0x00,0x00,0x00,0x00,0x00,0x00,0x00,0x00,0x00,0x00,0x00,0x00,0x00,0x00
  db 0x00,0x00,0x00,0x00,0x00,0x00,0x00,0x00,0x00,0x00,0x00,0x00,0x00,0x00,0x00,0x00
  db 0x00,0x00,0x00,0x00,0x00,0x00,0x00,0x00,0x00,0x00,0x00,0x00,0x00,0x00,0x00,0x00
  db 0x00,0x00,0x00,0x00,0x00,0x00,0x00,0x00,0x00,0x00,0x00,0x00,0x00,0x00,0x00,0x00
  db 0x00,0x00,0x00,0x00,0x00,0x00,0x00,0x00,0x00,0x00,0x00,0x00,0x00,0x00,0x00,0x00
  db 0x00,0x00,0x00,0x00,0x00,0x00,0x00,0x00,0x00,0x00,0x00,0x00,0x00,0x00,0x00,0x00
  db 0x00,0x00,0x00,0x00,0x00,0x00,0x00,0x00,0x00,0x00,0x00,0x00,0x00,0x00,0x00,0x00
  db 0x00,0x00,0x00,0x00,0x00,0x00,0x00,0x00,0x00,0x00,0x00,0x00,0x00,0x00,0x00,0x00
  db 0x00,0x00,0x00,0x00,0x00,0x00,0x00,0x00,0x00,0x00,0x00,0x00,0x00,0x00,0x00,0x00
  db 0x00,0x00,0x00,0x00,0x00,0x00,0x00,0x00,0x00,0x00,0x00,0x00,0x00,0x00,0x00,0x00
  db 0x00,0x00,0x00,0x00,0x00,0x00,0x00,0x00,0x00,0x00,0x00,0x00,0x00,0x00,0x00,0x00
  db 0x00,0x00,0x00,0x00,0x00,0x00,0x00,0x00,0x00,0x00,0x00,0x00,0x00,0x00,0x00,0x00
  db 0x00,0x00,0x00,0x00,0x00,0x00,0x00,0x00,0x00,0x00,0x00,0x00,0x00,0x00,0x00,0x00
  db 0x00,0x00,0x00,0x00,0x00,0x00,0x00,0x00,0x00,0x00,0x00,0x00,0x00,0x00,0x00,0x00
  db 0x00,0x00,0x00,0x00,0x00,0x00,0x00,0x00,0x00,0x00,0x00,0x00,0x00,0x00,0x00,0x00
  db 0x00,0x00,0x00,0x00,0x00,0x00,0x00,0x00,0x00,0x00,0x00,0x00,0x00,0x00,0x00,0x00
  db 0x00,0x00,0x00,0x00,0x00,0x00,0x00,0x00,0x00,0x00,0x00,0x00,0x00,0x00,0x00,0x00
  db 0x00,0x00,0x00,0x00,0x00,0x00,0x00,0x00,0x00,0x00,0x00,0x00,0x00,0x00,0x00,0x00
  db 0x00,0x00,0x00,0x00,0x00,0x00,0x00,0x00,0x00,0x00,0x00,0x00,0x00,0x00,0x00,0x00
  db 0x00,0x00,0x00,0x00,0x00,0x00,0x00,0x00,0x00,0x00,0x00,0x00,0x00,0x00,0x00,0x00
  db 0x00,0x00,0x00,0x00,0x00,0x00,0x00,0x00,0x00,0x00,0x00,0x00,0x00,0x00,0x00,0x00
  db 0x00,0x00,0x00,0x00,0x00,0x00,0x00,0x00,0x00,0x00,0x00,0x00,0x00,0x00,0x00,0x00
  db 0x00,0x00,0x00,0x00,0x00,0x00,0x00,0x00,0x00,0x00,0x00,0x00,0x00,0x00,0x00,0x00
  db 0x00,0x00,0x00,0x00,0x00,0x00,0x00,0x00,0x00,0x00,0x00,0x00,0x00,0x00,0x00,0x00
  db 0x00,0x00,0x00,0x00,0x00,0x00,0x00,0x00,0x00,0x00,0x00,0x00,0x00,0x00,0x00,0x00
  db 0x00,0x00,0x00,0x00,0x00,0x00,0x00,0x00,0x00,0x00,0x00,0x00,0x00,0x00,0x00,0x00
  db 0x00,0x00,0x00,0x00,0x00,0x00,0x00,0x00,0x00,0x00,0x00,0x00,0x00,0x00,0x00,0x00
  db 0x00,0x00,0x00,0x00,0x00,0x00,0x00,0x00,0x00,0x00,0x00,0x00,0x00,0x00,0x00,0x00
  db 0x00,0x00,0x00,0x00,0x00,0x00,0x00,0x00,0x00,0x00,0x00,0x00,0x00,0x00,0x00,0x00
  db 0x00,0x00,0x00,0x00,0x00,0x00,0x00,0x00,0x00,0x00,0x00,0x00,0x00,0x00,0x00,0x00
  db 0x00,0x00,0x00,0x00,0x00,0x00,0x00,0x00,0x00,0x00,0x00,0x00,0x00,0x00,0x00,0x00
  db 0x00,0x00,0x00,0x00,0x00,0x00,0x00,0x00,0x00,0x00,0x00,0x00,0x00,0x00,0x00,0x00
  db 0x00,0x00,0x00,0x00,0x00,0x00,0x00,0x00,0x00,0x00,0x00,0x00,0x00,0x00,0x00,0x00
  db 0x00,0x00,0x00,0x00,0x00,0x00,0x00,0x00,0x00,0x00,0x00,0x00,0x00,0x00,0x00,0x00
  db 0x00,0x00,0x00,0x00,0x00,0x00,0x00,0x00,0x00,0x00,0x00,0x00,0x00,0x00,0x00,0x00
  db 0x00,0x00,0x00,0x00,0x00,0x00,0x00,0x00,0x00,0x00,0x00,0x00,0x00,0x00,0x00,0x00
  db 0x00,0x00,0x00,0x00,0x00,0x00,0x00,0x00,0x00,0x00,0x00,0x00,0x00,0x00,0x00,0x00
  db 0x00,0x00,0x00,0x00,0x00,0x00,0x00,0x00,0x00,0x00,0x00,0x00,0x00,0x00,0x00,0x00
  db 0x00,0x00,0x00,0x00,0x00,0x00,0x00,0x00,0x00,0x00,0x00,0x00,0x00,0x00,0x00,0x00
  db 0x00,0x00,0x00,0x00,0x00,0x00,0x00,0x00,0x00,0x00,0x00,0x00,0x00,0x00,0x00,0x00
  db 0x00,0x00,0x00,0x00,0x00,0x00,0x00,0x00,0x00,0x00,0x00,0x00,0x00,0x00,0x00,0x00
  db 0x00,0x00,0x00,0x00,0x00,0x00,0x00,0x00,0x00,0x00,0x00,0x00,0x00,0x00,0x00,0x00
  db 0x00,0x00,0x00,0x00,0x00,0x00,0x00,0x00,0x00,0x00,0x00,0x00,0x00,0x00,0x00,0x00
  db 0x00,0x00,0x00,0x00,0x00,0x00,0x00,0x00,0x00,0x00,0x00,0x00,0x00,0x00,0x00,0x00
  db 0x00,0x00,0x00,0x00,0x00,0x00,0x00,0x00,0x00,0x00,0x00,0x00,0x00,0x00,0x00,0x00
  db 0x00,0x00,0x00,0x00,0x00,0x00,0x00,0x00,0x00,0x00,0x00,0x00,0x00,0x00,0x00,0x00
  db 0x00,0x00,0x00,0x00,0x00,0x00,0x00,0x00,0x00,0x00,0x00,0x00,0x00,0x00,0x00,0x00
  db 0x00,0x00,0x00,0x00,0x00,0x00,0x00,0x00,0x00,0x00,0x00,0x00,0x00,0x00,0x00,0x00
  db 0x00,0x00,0x00,0x00,0x00,0x00,0x00,0x00,0x00,0x00,0x00,0x00,0x00,0x00,0x00,0x00
  db 0x00,0x00,0x00,0x00,0x00,0x00,0x00,0x00,0x00,0x00,0x00,0x00,0x00,0x00,0x00,0x00
  db 0x00,0x00,0x00,0x00,0x00,0x00,0x00,0x00,0x00,0x00,0x00,0x00,0x00,0x00,0x00,0x00
  db 0x00,0x00,0x00,0x00,0x00,0x00,0x00,0x00,0x00,0x00,0x00,0x00,0x00,0x00,0x00,0x00
  db 0x00,0x00,0x00,0x00,0x00,0x00,0x00,0x00,0x00,0x00,0x00,0x00,0x00,0x00,0x00,0x00
  db 0x00,0x00,0x00,0x00,0x00,0x00,0x00,0x00,0x00,0x00,0x00,0x00,0x00,0x00,0x00,0x00
  db 0x00,0x00,0x00,0x00,0x00,0x00,0x00,0x00,0x00,0x00,0x00,0x00,0x00,0x00,0x00,0x00
  db 0x00,0x00,0x00,0x00,0x00,0x00,0x00,0x00,0x00,0x00,0x00,0x00,0x00,0x00,0x00,0x00
  db 0x00,0x00,0x00,0x00,0x00,0x00,0x00,0x00,0x00,0x00,0x00,0x00,0x00,0x00,0x00,0x00
  db 0x00,0x00,0x00,0x00,0x00,0x00,0x00,0x00,0x00,0x00,0x00,0x00,0x00,0x00,0x00,0x00
  db 0x00,0x00,0x00,0x00,0x00,0x00,0x00,0x00,0x00,0x00,0x00,0x00,0x00,0x00,0x00,0x00
  db 0x00,0x00,0x00,0x00,0x00,0x00,0x00,0x00,0x00,0x00,0x00,0x00,0x00,0x00,0x00,0x00
  db 0x00,0x00,0x00,0x00,0x00,0x00,0x00,0x00,0x00,0x00,0x00,0x00,0x00,0x00,0x00,0x00
  db 0x00,0x00,0x00,0x00,0x00,0x00,0x00,0x00,0x00,0x00,0x00,0x00,0x00,0x00,0x00,0x00
  db 0x00,0x00,0x00,0x00,0x00,0x00,0x00,0x00,0x00,0x00,0x00,0x00,0x00,0x00,0x00,0x00
  db 0x00,0x00,0x00,0x00,0x00,0x00,0x00,0x00,0x00,0x00,0x00,0x00,0x00,0x00,0x00,0x00
  db 0x00,0x00,0x00,0x00,0x00,0x00,0x00,0x00,0x00,0x00,0x00,0x00,0x00,0x00,0x00,0x00
  db 0x00,0x00,0x00,0x00,0x00,0x00,0x00,0x00,0x00,0x00,0x00,0x00,0x00,0x00,0x00,0x00
  db 0x00,0x00,0x00,0x00,0x00,0x00,0x00,0x00,0x00,0x00,0x00,0x00,0x00,0x00,0x00,0x00
  db 0x00,0x00,0x00,0x00,0x00,0x00,0x00,0x00,0x00,0x00,0x00,0x00,0x00,0x00,0x00,0x00
  db 0x00,0x00,0x00,0x00,0x00,0x00,0x00,0x00,0x00,0x00,0x00,0x00,0x00,0x00,0x00,0x00
  db 0x00,0x00,0x00,0x00,0x00,0x00,0x00,0x00,0x00,0x00,0x00,0x00,0x00,0x00,0x00,0x00
  db 0x00,0x00,0x00,0x00,0x00,0x00,0x00,0x00,0x00,0x00,0x00,0x00,0x00,0x00,0x00,0x00
  db 0x00,0x00,0x00,0x00,0x00,0x00,0x00,0x00,0x00,0x00,0x00,0x00,0x00,0x00,0x00,0x00
  db 0x00,0x00,0x00,0x00,0x00,0x00,0x00,0x00,0x00,0x00,0x00,0x00,0x00,0x00,0x00,0x00
  db 0x00,0x00,0x00,0x00,0x00,0x00,0x00,0x00,0x00,0x00,0x00,0x00,0x00,0x00,0x00,0x00
  db 0x00,0x00,0x00,0x00,0x00,0x00,0x00,0x00,0x00,0x00,0x00,0x00,0x00,0x00,0x00,0x00
  db 0x00,0x00,0x00,0x00,0x00,0x00,0x00,0x00,0x00,0x00,0x00,0x00,0x00,0x00,0x00,0x00
  db 0x00,0x00,0x00,0x00,0x00,0x00,0x00,0x00,0x00,0x00,0x00,0x00,0x00,0x00,0x00,0x00
  db 0x00,0x00,0x00,0x00,0x00,0x00,0x00,0x00,0x00,0x00,0x00,0x00,0x00,0x00,0x00,0x00
  db 0x00,0x00,0x00,0x00,0x00,0x00,0x00,0x00,0x00,0x00,0x00,0x00,0x00,0x00,0x00,0x00
  db 0x00,0x00,0x00,0x00,0x00,0x00,0x00,0x00,0x00,0x00,0x00,0x00,0x00,0x00,0x00,0x00
  db 0x00,0x00,0x00,0x00,0x00,0x00,0x00,0x00,0x00,0x00,0x00,0x00,0x00,0x00,0x00,0x00
  db 0x00,0x00,0x00,0x00,0x00,0x00,0x00,0x00,0x00,0x00,0x00,0x00,0x00,0x00,0x00,0x00
  db 0x00,0x00,0x00,0x00,0x00,0x00,0x00,0x00,0x00,0x00,0x00,0x00,0x00,0x00,0x00,0x00
  db 0x00,0x00,0x00,0x00,0x00,0x00,0x00,0x00,0x00,0x00,0x00,0x00,0x00,0x00,0x00,0x00
  db 0x00,0x00,0x00,0x00,0x00,0x00,0x00,0x00,0x00,0x00,0x00,0x00,0x00,0x00,0x00,0x00
  db 0x00,0x00,0x00,0x00,0x00,0x00,0x00,0x00,0x00,0x00,0x00,0x00,0x00,0x00,0x00,0x00
  db 0x00,0x00,0x00,0x00,0x00,0x00,0x00,0x00,0x00,0x00,0x00,0x00,0x00,0x00,0x00,0x00
  db 0x00,0x00,0x00,0x00,0x00,0x00,0x00,0x00,0x00,0x00,0x00,0x00,0x00,0x00,0x00,0x00
  db 0x00,0x00,0x00,0x00,0x00,0x00,0x00,0x00,0x00,0x00,0x00,0x00,0x00,0x00,0x00,0x00
  db 0x00,0x00,0x00,0x00,0x00,0x00,0x00,0x00,0x00,0x00,0x00,0x00,0x00,0x00,0x00,0x00
  db 0x00,0x00,0x00,0x00,0x00,0x00,0x00,0x00,0x00,0x00,0x00,0x00,0x00,0x00,0x00,0x00
  db 0x00,0x00,0x00,0x00,0x00,0x00,0x00,0x00,0x00,0x00,0x00,0x00,0x00,0x00,0x00,0x00
  db 0x00,0x00,0x00,0x00,0x00,0x00,0x00,0x00,0x00,0x00,0x00,0x00,0x00,0x00,0x00,0x00
  db 0x00,0x00,0x00,0x00,0x00,0x00,0x00,0x00,0x00,0x00,0x00,0x00,0x00,0x00,0x00,0x00
  db 0x00,0x00,0x00,0x00,0x00,0x00,0x00,0x00,0x00,0x00,0x00,0x00,0x00,0x00,0x00,0x00
  db 0x00,0x00,0x00,0x00,0x00,0x00,0x00,0x00,0x00,0x00,0x00,0x00,0x00,0x00,0x00,0x00
  db 0x00,0x00,0x00,0x00,0x00,0x00,0x00,0x00,0x00,0x00,0x00,0x00,0x00,0x00,0x00,0x00
  db 0x00,0x00,0x00,0x00,0x00,0x00,0x00,0x00,0x00,0x00,0x00,0x00,0x00,0x00,0x00,0x00
  db 0x00,0x00,0x00,0x00,0x00,0x00,0x00,0x00,0x00,0x00,0x00,0x00,0x00,0x00,0x00,0x00
  db 0x00,0x00,0x00,0x00,0x00,0x00,0x00,0x00,0x00,0x00,0x00,0x00,0x00,0x00,0x00,0x00
  db 0x00,0x00,0x00,0x00,0x00,0x00,0x00,0x00,0x00,0x00,0x00,0x00,0x00,0x00,0x00,0x00
  db 0x00,0x00,0x00,0x00,0x00,0x00,0x00,0x00,0x00,0x00,0x00,0x00,0x00,0x00,0x00,0x00
  db 0x00,0x00,0x00,0x00,0x00,0x00,0x00,0x00,0x00,0x00,0x00,0x00,0x00,0x00,0x00,0x00
  db 0x00,0x00,0x00,0x00,0x00,0x00,0x00,0x00,0x00,0x00,0x00,0x00,0x00,0x00,0x00,0x00
  db 0x00,0x00,0x00,0x00,0x00,0x00,0x00,0x00,0x00,0x00,0x00,0x00,0x00,0x00,0x00,0x00
  db 0x00,0x00,0x00,0x00,0x00,0x00,0x00,0x00,0x00,0x00,0x00,0x00,0x00,0x00,0x00,0x00
  db 0x00,0x00,0x00,0x00,0x00,0x00,0x00,0x00,0x00,0x00,0x00,0x00,0x00,0x00,0x00,0x00
  db 0x00,0x00,0x00,0x00,0x00,0x00,0x00,0x00,0x00,0x00,0x00,0x00,0x00,0x00,0x00,0x00
  db 0x00,0x00,0x00,0x00,0x00,0x00,0x00,0x00,0x00,0x00,0x00,0x00,0x00,0x00,0x00,0x00
  db 0x00,0x00,0x00,0x00,0x00,0x00,0x00,0x00,0x00,0x00,0x00,0x00,0x00,0x00,0x00,0x00
  db 0x00,0x00,0x00,0x00,0x00,0x00,0x00,0x00,0x00,0x00,0x00,0x00,0x00,0x00,0x00,0x00
  db 0x00,0x00,0x00,0x00,0x00,0x00,0x00,0x00,0x00,0x00,0x00,0x00,0x00,0x00,0x00,0x00
  db 0x00,0x00,0x00,0x00,0x00,0x00,0x00,0x00,0x00,0x00,0x00,0x00,0x00,0x00,0x00,0x00
  db 0x00,0x00,0x00,0x00,0x00,0x00,0x00,0x00,0x00,0x00,0x00,0x00,0x00,0x00,0x00,0x00
  db 0x00,0x00,0x00,0x00,0x00,0x00,0x00,0x00,0x00,0x00,0x00,0x00,0x00,0x00,0x00,0x00
  db 0x00,0x00,0x00,0x00,0x00,0x00,0x00,0x00,0x00,0x00,0x00,0x00,0x00,0x00,0x00,0x00
  db 0x00,0x00,0x00,0x00,0x00,0x00,0x00,0x00,0x00,0x00,0x00,0x00,0x00,0x00,0x00,0x00
  db 0x00,0x00,0x00,0x00,0x00,0x00,0x00,0x00,0x00,0x00,0x00,0x00,0x00,0x00,0x00,0x00
  db 0x13,0x78,0x3a,0x5c,0x74,0x63,0x70,0x69,0x70,0x5c,0x70,0x63,0x62,0x69,0x63,0x32
  db 0x2e,0x45,0x58,0x45,0x00,0x00,0x00
